combination	notification	status	source
Fixed dose combination of Flupenthixol +Melitracen for human use	G.S.R.377 (E) dated 18.6.2013 and 498 (E) Dated 11.07.2014	prohibited	CDSCO list as on 22.11.2021
Nimesulide +Paracetamol dispersible tablets	S.O.712(E) Dated 10.03.2016	under_review	CDSCO list as on 22.11.2021
Paracetamol + Phenylephrine +Caffeine	S.O.713 (E) Dated10.03 .2016	under_review	CDSCO list as on 22.11.2021
Amoxicillin + Bromhexine	S.O.777(E) Dated 10.03.2016	under_review	CDSCO list as on 22.11.2021
Pholcodine + Promethazine	S.O.789 (E) Dated10.03 .2016	under_review	CDSCO list as on 22.11.2021
Imipramine+Diazepam	S.O.795(E) Dated 10.03.2016	under_review	CDSCO list as on 22.11.2021
Chlorpheniramine maleate + Dextromethorphan + Dextromethophan + Guaiphenesin + Ammonium chloride + menthol	S.O.869(E) Dated10.03 .2016	under_review	CDSCO list as on 22.11.2021
Chlopheniramine Maleate + Codeine Syrup	S.O.909(E) Dated 10.03.2016	under_review	CDSCO list as on 22.11.2021
Ammonium Chloride+ Bromhexine + Dextromethorphan	S.O.922(E) Dated 10.03.2016	under_review	CDSCO list as on 22.11.2021
Bromhexine +Dextromethorphan +Ammonium Chloride +Menthol	S.O.926(E) Dated 10.03.2016	under_review	CDSCO list as on 22.11.2021
Dextromethorphan + Chlorpheniramine + Guaifenesin + Ammonium Chloride	S.O.930 (E) Dated10.03 .2016	under_review	CDSCO list as on 22.11.2021
Caffeine + Paracetamol + Phenylephrine + Chlorpheniramine	S.O.950 (E) Dated10.03 .2016	under_review	CDSCO list as on 22.11.2021
Paracetamol + Bromhexine + Phenylephrine+ Chlorpheniramine + Guaifenesin	S.O.977 (E) Dated 10.03.2016	under_review	CDSCO list as on 22.11.2021
Salbutamol + Bromhexine	S.O.978 (E) Dated 10.03.2016	under_review	CDSCO list as on 22.11.2021
Chlorpheniramine + Codeine phosphate + Menthol syrup	S.O.983 (E) Dated 10.03.2016	under_review	CDSCO list as on 22.11.2021
Phenytoin+ Phenobarbitone sodium	S.O.1028 (E) Dated 10.03.2016	under_review	CDSCO list as on 22.11.2021
Ammonium Chloride + Sodium Citrate + Chlorpheniramine Maleate + Menthol	S.O.4411 (E) Dated 07.09.2018	under_review	CDSCO list as on 22.11.2021
Chlorpheniramine Maleate + Ammonium Chloride + Sodium Citrate	S.O.4532 (E) Dated 07.09.2018	under_review	CDSCO list as on 22.11.2021
Salbutamol + Hydroxy ethyl theophylline (Etofylline)+ Bromhexine	S.O.4687(E) Dated 07.09.2018	under_review	CDSCO list as on 22.11.2021
Paracetamol + Propyphenazone + Caffeine	S.O.4689(E) Dated 07.09.2018	under_review	CDSCO list as on 22.11.2021
Aceclofenac + Paracetamol + Rabeprazole	S.O. No. 4379 (E) dated 07.09.2018	quashed	CDSCO list as on 22.11.2021
Glimepiride1mg/2mg/3mg + Pioglitazone15mg/15mg/15mg + Metformin1000mg/1000mg/1000mg	S.O. 4471 (E) Dated07.09. 2018	quashed	CDSCO list as on 22.11.2021
Glimepiride 1mg/2mg + Pioglitazone 15mg/15mg + Metformin 850mg/850mg	S.O.4472 (E) Dated07.09. 2018	quashed	CDSCO list as on 22.11.2021
Pioglitazone 30mg + Metformin 500mg	S.O. 4479 (E) Dated 07.09.2018	quashed	CDSCO list as on 22.11.2021
Fixed Dose Combinations Of Etodolac + Paracetamol	S.O.4706(E) Dated 07.09.2018	quashed	CDSCO list as on 22.11.2021
Nimesulide + Diclofenac	S.O.4380(E) Dated 07.09.2018	prohibited	CDSCO list as on 22.11.2021
Nimesulide + Cetirizine +Caffeine	S.O.4381(E) Dated 07.09.2018	prohibited	CDSCO list as on 22.11.2021
Nimesulide + Tizanidine	S.O.4382 (E) Dated07.0 9.2018	prohibited	CDSCO list as on 22.11.2021
Paracetamol +Cetirizine + Caffeine	S.O.4383 (E)Dated 07.09.2018	prohibited	CDSCO list as on 22.11.2021
Diclofenac + Tramadol +Chlorzoxazone	S.O.4384 (E)Dated 07.09.2018	prohibited	CDSCO list as on 22.11.2021
Dicyclomine + Paracetamol+ Domperidone	S.O.4385(E) Dated 07.09.2018	prohibited	CDSCO list as on 22.11.2021
Diclofenac + Tramadol + Paracetamol	S.O.4386 (E) Dated07.0 9.2018	prohibited	CDSCO list as on 22.11.2021
Diclofenac + Paracetamol + Chlorzoxazone + Famotidine	S.O.4387(E) Dated 07.09.2018	prohibited	CDSCO list as on 22.11.2021
Naproxen + Paracetamol	S.O.4388 (E)Dated 07.09.2018	prohibited	CDSCO list as on 22.11.2021
Nimesulide + Serratiopeptidase	S.O.4389(E) Dated 07.09.2018	prohibited	CDSCO list as on 22.11.2021
Paracetamol + Diclofenac + Famotidine	S.O.4390 (E)Dated07 .09.2018	prohibited	CDSCO list as on 22.11.2021
Nimesulide + Pitofenone + Fenpiverinium + Benzyl alcohol	S.O.4391(E) Dated07.0 9.2018	prohibited	CDSCO list as on 22.11.2021
Omeprazole + Paracetamol + Diclofenac	S.O.4392(E )Dated 07.09.2018	prohibited	CDSCO list as on 22.11.2021
Nimesulide + Paracetamol injection	S.O.4393 (E) Dated07.0 9.2018	prohibited	CDSCO list as on 22.11.2021
Tamsulosin +Diclofenac	S.O.4394(E )Dated 07.09.2018	prohibited	CDSCO list as on 22.11.2021
Paracetamol + Phenylephirine + Chlorpheniramine + Dextromethorphan + Caffeine	S.O.4395(E )Dated 07.09.2018	prohibited	CDSCO list as on 22.11.2021
Diclofenac + Zinc Carnosine	S.O.4396 (E)Dated 07.09.2018	prohibited	CDSCO list as on 22.11.2021
Diclofenac + Paracetamol + Chlorpheniramine maleate + Magnesium trisillicate	S.O.4397 (E)Dated 07.09.2018	prohibited	CDSCO list as on 22.11.2021
Paracetamol + Pseudoephedrine + Cetirizine	S.O.4398 (E)Dated 07.09.2018	prohibited	CDSCO list as on 22.11.2021
Phenyl butazone + Sodium salicylate	S.O. 4399 (E)Dated 07.09.201 8	prohibited	CDSCO list as on 22.11.2021
Lornoxicam + Paracetamol + Trypsin	S.O.4400 (E)Dated 07.09.2018	prohibited	CDSCO list as on 22.11.2021
Paracetamol + Mefenamic Acid + Ranitidine + Dicyclomine	S.O.4401 (E)Dated 07.09.2018	prohibited	CDSCO list as on 22.11.2021
Nimesulide + Dicyclomine	S.O.4402 (E)Dated0 7.09.2018	prohibited	CDSCO list as on 22.11.2021
Heparin + Diclofenac	S.O.4403 (E)Dated 07.09.2018	prohibited	CDSCO list as on 22.11.2021
Glucosamine +Methyl Sulfonyl Methane + Vitamin D3 + Manganese + Boron + Copper + Zinc	S.O.4404 (E)Dated0 7.09.2018	prohibited	CDSCO list as on 22.11.2021
Paracetamol + Tapentadol	S.O.4405 (E)Dated 07.09.2018	prohibited	CDSCO list as on 22.11.2021
Tranexamic Acid + Proanthocyanidin	S.O.4406 (E)Dated0 7.09.2018	prohibited	CDSCO list as on 22.11.2021
Lornoxicam + Paracetamol + Tramadol	S.O.4407(E) Dated 07.09.2018	prohibited	CDSCO list as on 22.11.2021
Lornoxicam + Paracetamol + Serratiopeptidase	S.O.4408 (E)Dated 07.09.2018	prohibited	CDSCO list as on 22.11.2021
Diclofenac + Paracetamol+ Magnesium trisilicate	S.O.4409 (E)Dated 07.09.2018	prohibited	CDSCO list as on 22.11.2021
Paracetamol + Domperidone + Caffeine	S.O.4410 (E) Dated07.0 9.2018	prohibited	CDSCO list as on 22.11.2021
Combi kit of 3 tablets of Serratiopeptidase (enteric coated 20000 units) + Diclofenac Potassium & 2 tablets of Doxycycline	S.O.4412 (E) Dated07.0 9.2018	prohibited	CDSCO list as on 22.11.2021
Nimesulide + Paracetamol suspension	S.O.4413 (E)Dated 07.09.2018	prohibited	CDSCO list as on 22.11.2021
Aceclofenac + Paracetamol + Famotidine	S.O.4414 (E)Dated 07.09.2018	prohibited	CDSCO list as on 22.11.2021
Aceclofenac + Zinc Carnosine	S.O.4415 (E)Dated 07.09.2018	prohibited	CDSCO list as on 22.11.2021
Paracetamol + Disodium Hydrogen Citrate +Caffeine	S.O.4416 (E)Dated 07.09.2018	prohibited	CDSCO list as on 22.11.2021
Paracetamol+ D L Methionine	S.O.4417 (E) Dated07.0 9.2018	prohibited	CDSCO list as on 22.11.2021
Disodium Hydrogen citrate + Paracetamol	S.O.4418 (E)Dated 07.09.2018	prohibited	CDSCO list as on 22.11.2021
Paracetamol + Caffeine + Codeine Phosphate	S.O.4419 (E)Dated0 7.09.2018	prohibited	CDSCO list as on 22.11.2021
Aceclofenac (SR) + Paracetamol	S.O.4420 (E)Dated 07.09.2018	prohibited	CDSCO list as on 22.11.2021
Diclofenac + Paracetamol injection	S.O.4421 (E) Dated 07.09.2018	prohibited	CDSCO list as on 22.11.2021
Azithromycin + Cefixime	S.O.4422 (E)Dated0 7.09.2018	prohibited	CDSCO list as on 22.11.2021
Amoxicillin + Dicloxacillin	S.O.4423 (E)Dated 07.09.2018	prohibited	CDSCO list as on 22.11.2021
Azithromycin + Levofloxacin	S.O. 4424 (E) Dated 07.09.2018	prohibited	CDSCO list as on 22.11.2021
Cefixime + Linezolid	S.O.4425 (E)Dated 07.09.2018	prohibited	CDSCO list as on 22.11.2021
Amoxicillin + Cefixime + Potassium Clavulanic Acid	S.O.4426 (E)Dated0 7.09.2018	prohibited	CDSCO list as on 22.11.2021
Ofloxacin + Nitazoxanide	S.O.4427 (E)Dated 07.09.2018	prohibited	CDSCO list as on 22.11.2021
Cefpodoxime Proxetil + Levofloxacin	S.O.4428 (E)Dated 07.09.2018	prohibited	CDSCO list as on 22.11.2021
Levofloxacin + Ornidazole + Alpha Tocopherol Acetate	S.O.4430 (E)Dated 07.09.2018	prohibited	CDSCO list as on 22.11.2021
Nimorazole + Ofloxacin	S.O.4431 (E)Dated 07.09.2018	prohibited	CDSCO list as on 22.11.2021
Azithromycin + Ofloxacin	S.O.4432 (E)Dated0 7.09.2018	prohibited	CDSCO list as on 22.11.2021
Amoxycillin + Tinidazole	S.O.4433 (E)Dated 07.09.2018	prohibited	CDSCO list as on 22.11.2021
Doxycycline + Serratiopeptidase	S.O.4434 (E)Dated 07.09.2018	prohibited	CDSCO list as on 22.11.2021
Cefixime + Levofloxacin	S.O.4435 (E)Dated0 7.09.2018	prohibited	CDSCO list as on 22.11.2021
Ofloxacin + Metronidazole + Zinc Acetate	S.O.4436 (E)Dated 07.09.2018	prohibited	CDSCO list as on 22.11.2021
Diphenoxylate + Atropine + Furazolidone	S.O.4437 (E) Dated 07.09.2018	prohibited	CDSCO list as on 22.11.2021
Ciprofloxacin + Phenazopyridine	S.O.4439 (E)Dated0 7.09.2018	prohibited	CDSCO list as on 22.11.2021
Amoxycillin + Dicloxacillin + Serratiopeptidase	S.O.4440 (E) Dated 07.09.201 8	prohibited	CDSCO list as on 22.11.2021
Azithromycin + Cefpodoxime	S.O.4441(E) Dated 07.09.2018	prohibited	CDSCO list as on 22.11.2021
Lignocaine + Clotrimazole + Ofloxacin + Beclomethasone	S.O.4442 (E) Dated 07.09.2018	prohibited	CDSCO list as on 22.11.2021
Cefuroxime + Linezolid	S.O.4443 (E)Dated 07.09.2018	prohibited	CDSCO list as on 22.11.2021
Ofloxacin + Ornidazole + Zinc bis glycinate	S.O.4444 (E)Dated0 7.09.2018	prohibited	CDSCO list as on 22.11.2021
Metronidazole + Norfloxacin	S.O.4445 (E)Dated 07.09.2018	prohibited	CDSCO list as on 22.11.2021
Ciprofloxacin + Fluticasone + Clotrimazole + Neomycin	S.O.4446 (E)Dated 07.09.2018	prohibited	CDSCO list as on 22.11.2021
Metronidazole + Tetracycline	S.O.4447 (E)Dated 07.09.2018	prohibited	CDSCO list as on 22.11.2021
Cephalexin + Neomycin + Prednisolone	S.O.4448 (E)Dated 07.09.2018	prohibited	CDSCO list as on 22.11.2021
Azithromycin + Ambroxol	S.O.4449 (E)Dated0 7.09.2018	prohibited	CDSCO list as on 22.11.2021
Cilnidipine + metoprolol succinate + metoprolol tartrate	S.O.4450 (E)Dated 07.09.2018	prohibited	CDSCO list as on 22.11.2021
L-Arginine + Sildenafil	S.O.4451 (E)Dated 07.09.2018	prohibited	CDSCO list as on 22.11.2021
Atorvastatin + Vitamin D3 + Folic acid Vitamin B12+ Pyridoxine	S.O. 4452 (E)Dated0 7.09.2018	prohibited	CDSCO list as on 22.11.2021
Metformin + Atorvastatin	S.O.4453 (E)Dated 07.09.2018	prohibited	CDSCO list as on 22.11.2021
Clindamycin + Telmisartan	S.O. 4454 (E)Dated0 7.09.2018	prohibited	CDSCO list as on 22.11.2021
Olmesartan + Hydrochlorothiazide + Chlorthalidone	S.O.4455 (E)Dated 07.09.2018	prohibited	CDSCO list as on 22.11.2021
L-5-Methyl tera hydrofolate calcium + Escitalopram	S.O. 4456 (E) Dated 07.09.2018	prohibited	CDSCO list as on 22.11.2021
Paracetamol + Promethazine	S.O.4457 (E) Dated 07.09.2018	prohibited	CDSCO list as on 22.11.2021
Betahistine + Ginkgo Biloba Extract + Vinpocetine + Piracetam	S.O.4458 (E)Dated 07.09.2018	prohibited	CDSCO list as on 22.11.2021
Cetirizine + Diethyl Carbamazine	S.O.4459 (E)Dated 07.09.2018	prohibited	CDSCO list as on 22.11.2021
Doxylamine + Pyridoxine + Mefenamic Acid + Paracetamol	S.O.4460 (E) Dated 07.09.2018	prohibited	CDSCO list as on 22.11.2021
Drotaverine + Clidinium + Chlordiazepoxide	S.O.4461 (E)Dated 07.09.2018	prohibited	CDSCO list as on 22.11.2021
Flupentixol + Escitalopram	S.O. 4462 (E) Dated 07.09.2018	prohibited	CDSCO list as on 22.11.2021
Gabapentin + Mecobalamin + Pyridoxine + Thiamine	S.O.4463(E )Dated 07.09.2018	prohibited	CDSCO list as on 22.11.2021
Imipramine + Chlordiazepoxide + Trifluoperazine +Trihexyphenidyl	S.O.4464 (E) Dated07.0 9.2018	prohibited	CDSCO list as on 22.11.2021
Chlorpromazine +Trihexyphenidyl	S.O.4465 (E)Dated 07.09.2018	prohibited	CDSCO list as on 22.11.2021
Ursodeoxycholic Acid + Silymarin	S.O.4466 (E)Dated 07.09.2018	prohibited	CDSCO list as on 22.11.2021
Metformin 1000/1000/500/500mg + Pioglitazone 7.5/7.5/7.5/7.5mg + Glimepiride 1/2/1/2mg	S.O.4467 (E) Dated07.0 9.2018	prohibited	CDSCO list as on 22.11.2021
Gliclazide 80mg + Metformin 325 mg	S.O.4468 (E) Dated 07.09.2018	prohibited	CDSCO list as on 22.11.2021
Voglibose + Metformin + Chromium Picolinate	S.O. 4469 (E) Dated07.0 9.2018	prohibited	CDSCO list as on 22.11.2021
Pioglitazone 7.5/7.5mg + Metformin 500/1000mg	S.O. 4470 (E) Dated 07.09.2018	prohibited	CDSCO list as on 22.11.2021
Metformin 850mg + Pioglitazone 7.5mg + Glimepiride 2mg	S.O.4473 (E)Dated 07.09.2018	prohibited	CDSCO list as on 22.11.2021
Metformin 850mg + Pioglitazone 7.5mg + Glimepiride1mg	S.O.4474 (E) Dated 07.09.2018	prohibited	CDSCO list as on 22.11.2021
Metformin 500mg/500mg + Gliclazide SR30mg/60mg + Pioglitazone7.5mg/7.5mg	S.O.4475 (E) Dated 07.09.2018	prohibited	CDSCO list as on 22.11.2021
Voglibose + Pioglitazone + Metformin	S.O.4476 (E) Dated 07.09.2018	prohibited	CDSCO list as on 22.11.2021
Metformin + Bromocriptine	S.O.4477 (E) Dated 07.09.201 8	prohibited	CDSCO list as on 22.11.2021
Metformin + Glimepiride +Methylcobalamin	S.O.4478 (E) Dated 07.09.201 8	prohibited	CDSCO list as on 22.11.2021
Glimepiride + Pioglitazone + Metformin	S.O.815 (E) Dated 10.03.201 6	prohibited	CDSCO list as on 22.11.2021
Glipizide2.5mg + Metformin 400mg	S.O.4480 (E) Dated 07.09.201 8	prohibited	CDSCO list as on 22.11.2021
Pioglitazone 15mg + Metformin 850mg	S.O.4481 (E) Dated 07.09.2018	prohibited	CDSCO list as on 22.11.2021
Metformin ER + Gliclazide MR + Voglibose	S.O.4482 (E)Dated 07.09.201 8	prohibited	CDSCO list as on 22.11.2021
Chromium Polynicotinate + Metformin Hydrochloride	S.O.4483 (E)Dated 07.09.201 8	prohibited	CDSCO list as on 22.11.2021
Metformin Hydrochlopride + Gliclazide + Piogllitazone +Chromium Polynicotinate	S.O.4484 (E) Dated 07.09.2018	prohibited	CDSCO list as on 22.11.2021
Metformin + Gliclazide + Chromium Polynicotinate	S.O.4485 (E) Dated 07.09.201 8	prohibited	CDSCO list as on 22.11.2021
Metformin (sustainded release) 500mg + Pioglitazone15mg + Glimepride 3mg	S.O.4486 (E)Dated 07.09.201 8	prohibited	CDSCO list as on 22.11.2021
Metformin (SR) 500mg + Pioglitazone5mg	S.O.4487 (E) Dated 07.09.2018	prohibited	CDSCO list as on 22.11.2021
Chloramphenicol + Beclomethasone + Clotrimazole + Lignocaine	S.O.4488 (E) Dated 07.09.2018	prohibited	CDSCO list as on 22.11.2021
Chloramphenicol +Ofloxacin + Lignocaine + Glycerine and Propylene glycol	S.O.4489 (E) Dated 07.09.2018	prohibited	CDSCO list as on 22.11.2021
Chloramphennicol + Lignocain + Betamethasone + Clotrimazole + Ofloxacin + Antipyrine	S.O.4490 (E) Dated 07.09.201 8	prohibited	CDSCO list as on 22.11.2021
Ofloxacin + Clotrimazole + Betamethasone + Lignocaine	S.O.4491(E) Dated 07.09.2018	prohibited	CDSCO list as on 22.11.2021
Gentamicin Sulphate + Clotrimazole + Betamethasone + Lignocaine	S.O.4492 (E) Dated 07.09.2018	prohibited	CDSCO list as on 22.11.2021
Clotrimazole + Beclomethasone + Ofloxacin + Lignocaine	S.O.4493 (E)Dated 07.09.2018	prohibited	CDSCO list as on 22.11.2021
Beclomethasone + Clotrimazole + Chloramphenicol + Gentamycin + Lignocaine Ear drops	S.O.4494 (E) Dated 7.09.2018	prohibited	CDSCO list as on 22.11.2021
Flunarizine + Paracetamol +Domperidone	S.O.4495 (E) Dated 07.09.2018	prohibited	CDSCO list as on 22.11.2021
Rabeprazole + Zinccarnosine	S.O.4496 (E)Dated 07.09.2018	prohibited	CDSCO list as on 22.11.2021
Magaldrat + Famotidine + Simethicone	S.O.4497 (E)Dated 07.09.2018	prohibited	CDSCO list as on 22.11.2021
Cyproheptadine + Thiamine	S.O.4498 (E) Dated07.0 9.2018	prohibited	CDSCO list as on 22.11.2021
Magaldrate + Ranitidine + Pancreatin + Domperidone	S.O.4499 (E) Dated 07.09.2018	prohibited	CDSCO list as on 22.11.2021
Ranitidine + Magaldrate + Simethicone	S.O.4500 (E) Dated 07.09.2018	prohibited	CDSCO list as on 22.11.2021
Magaldrate + Papain + Fungal diastase + Simethicone	S.O.4501 (E) Dated 07.09.2018	prohibited	CDSCO list as on 22.11.2021
Rabeprazole + Zinc + Domperidone	S.O.4502 (E) Dated 07.09.2018	prohibited	CDSCO list as on 22.11.2021
Famotidine + Oxytacaine + Magaldrate	S.O.4503 (E) Dated 07.09.2018	prohibited	CDSCO list as on 22.11.2021
Ranitidine + Domperidone + Simethicone	S.O.4504 (E) Dated 07.09.2018	prohibited	CDSCO list as on 22.11.2021
Alginic Acid + Sodium Bicarbonate + Dried Aluminium Hydroxide + Magnesium Hydroxide	S.O.4505 (E) Dated 07.09.2018	prohibited	CDSCO list as on 22.11.2021
Clidinium + Paracetamol + Dicyclomine + Activated Dimethicone	S.O.4506 (E) Dated 07.09.2018	prohibited	CDSCO list as on 22.11.2021
Furazolidone + Metronidazole + Loperamide	S.O.4507 (E) Dated 07.09.2018	prohibited	CDSCO list as on 22.11.2021
Rabeprazole + Diclofenac + Paracetamol	S.O.4508 (E) Dated 07.09.2018	prohibited	CDSCO list as on 22.11.2021
Ranitidine + Magaldrate	S.O.4509 (E)Dated 07.09.2018	prohibited	CDSCO list as on 22.11.2021
Norfloxacin + Metronidazole + Zinc Acetate	S.O.4510 (E) Dated07.0 9.2018	prohibited	CDSCO list as on 22.11.2021
Zinc Carnosine + Oxetacaine	S.O.4511 (E) Dated 07.09.2018	prohibited	CDSCO list as on 22.11.2021
Oxetacaine + Magaldrate + Famotidine	S.O.4512 (E) Dated 07.09.2018	prohibited	CDSCO list as on 22.11.2021
Pantoprazole (as Enteric Coated Tablet) + Zinc Carnosine (as Film Coated Tablets)	S.O.4513 (E) Dated 07.09.2018	prohibited	CDSCO list as on 22.11.2021
Zinc Carnosine + Magnesium Hydroxide +Dried Aluminium Hydroxide + Simethicone	S.O.4514 (E) Dated 07.09.2018	prohibited	CDSCO list as on 22.11.2021
Zinc Carnosine + Sucralfate	S.O.4515 (E) Dated 07.09.2018	prohibited	CDSCO list as on 22.11.2021
Mebeverine Hydrochloride & Inner HPMC capsule (Streptococcus Faecalis + Clostridium butyricum + Bacillus mesentricus + Lactic Acid Bacillus)	S.O.4516(E) Dated07.09 .2018	prohibited	CDSCO list as on 22.11.2021
Clindamycin+ Clotrimazole + Lactic Acid Bacillus	S.O.4517 (E) Dated 07.09.2018	prohibited	CDSCO list as on 22.11.2021
Sildenafil + Estradiol Valerate	S.O.4518 (E) Dated 07.09.2018	prohibited	CDSCO list as on 22.11.2021
Clomifene Citrate + Ubidecarenone + Zinc + Folic Acid + Methylcobalamin + Pyridoxine + Lycopene + Selenium + Levocarnitine Tartrate + L-Arginine	S.O.4519 (E) Dated 07.09.2018	prohibited	CDSCO list as on 22.11.2021
Thyroxine + Pyridoxine + Folic Acid	S.O.4520 (E) Dated 07.09.2018	prohibited	CDSCO list as on 22.11.2021
Gentamycin + Dexamethasone + Chloramphenicol +Tobramycin + Ofloxacin	S.O.4521 (E) Dated 07.09.2018	prohibited	CDSCO list as on 22.11.2021
Dextromethorphan + Levocetirizine + Phenylephrine + Zinc	S.O.4522 (E) Dated 07.09.2018	prohibited	CDSCO list as on 22.11.2021
Nimesulide + Loratadine + Phenylephrine + Ambroxol	S.O.4523 (E) Dated 07.09.2018	prohibited	CDSCO list as on 22.11.2021
Bromhexine + Phenylephrine + Chlorepheniramine Maleate	S.O.4524 (E) Dated 07.09.2018	prohibited	CDSCO list as on 22.11.2021
Dextromethorphan + bromhexine + Guaiphenesin	S.O.4525 (E) Dated 07.09.2018	prohibited	CDSCO list as on 22.11.2021
Paracetamol + Loratadine + Phenylephrine + Dextromethorphan + Caffeine	S.O.4526 (E) Dated 07.09.2018	prohibited	CDSCO list as on 22.11.2021
Nimesulide + Phenylephrine +Caffeine + Levocetirizine	S.O.4527 (E) Dated 07.09.2018	prohibited	CDSCO list as on 22.11.2021
Azithromycin + Acebrophyline	S.O.4528 (E) Dated 07.09.2018	prohibited	CDSCO list as on 22.11.2021
Diphenhydramine +Terpine + Ammonium Chloride + Sodium Chloride + Menthol	S.O.4529 (E) Dated 07.09.2018	prohibited	CDSCO list as on 22.11.2021
Nimesulide + Paracetamol + Cetrizine + Phenylephrine	S.O.4530 (E) Dated 07.09.2018	prohibited	CDSCO list as on 22.11.2021
Paracetamol + Loratadine + Dextromethophan + Pseudoepheridine + Caffeine	S.O.4531 (E) Dated 07.09.2018	prohibited	CDSCO list as on 22.11.2021
Cetirizine + Phenylephrine + Paracetamol + Zinc Gluconate	S.O.4533 (E) Dated 07.09.2018	prohibited	CDSCO list as on 22.11.2021
Ambroxol + Guaiphenesin + Ammonium Chloride + Phenylephrine + Chlorpheniramine Maleate + Menthol	S.O.4534 (E) Dated 07.09.2018	prohibited	CDSCO list as on 22.11.2021
Dextromethophen + Bromhexine + Chlorpheniramine maleate + Guaiphenesin	S.O.4535 (E) Dated 07.09.2018	prohibited	CDSCO list as on 22.11.2021
Levocetirizine + Ambroxol + Phenylephrine + Guaiphenesin	S.O.4536 (E) Dated 07.09.2018	prohibited	CDSCO list as on 22.11.2021
Dextromethorphan + Chlorpheniramine + Chlorpheniramine maleate	S.O.4537 (E) Dated 07.09.2018	prohibited	CDSCO list as on 22.11.2021
Cetirizine + Ambroxol + Guaiphenesin + Ammonium chloride + Phenylephrine + Menthol	S.O.4538 (E) Dated 07.09.2018	prohibited	CDSCO list as on 22.11.2021
Chlorpheniramine + Phenylephrine + Caffeine	S.O.4539 (E) Dated 07.09.2018	prohibited	CDSCO list as on 22.11.2021
Dextromethorphan + Triprolidine + Phenylephrine	S.O.4540 (E) Dated 07.09.2018	prohibited	CDSCO list as on 22.11.2021
Terpinhydrate + Dextromethorphan + Menthol	S.O.4541 (E) Dated 07.09.2018	prohibited	CDSCO list as on 22.11.2021
Dextromethorphan + Phenylephrine + Zinc gluconate + Menthol	S.O.4542 (E) Dated 07.09.2018	prohibited	CDSCO list as on 22.11.2021
Chlorpheniramine + Codeine + Sodium citrate + Menthol syrup	S.O.4543 (E) Dated 07.09.2018	prohibited	CDSCO list as on 22.11.2021
Enrofloxacin + Bromhexin	S.O.4544 (E) Dated 07.09.2018	prohibited	CDSCO list as on 22.11.2021
Bromhexine +Dextromethorphan +Phenylephrine + Menthol	S.O.4545 (E) Dated07.0 9.2018	prohibited	CDSCO list as on 22.11.2021
Levofloxacin + Bromhexine	S.O.4546 (E)Dated 07.09.2018	prohibited	CDSCO list as on 22.11.2021
Levocetirizine + Ranitidine	S.O.4547 (E)Dated 07.09.2018	prohibited	CDSCO list as on 22.11.2021
Levocetirizine + Phenylephrine + Ambroxol + Guaiphenesin +Paracetamol	S.O.4548 (E)Dated 07.09.2018	prohibited	CDSCO list as on 22.11.2021
Cetirizine + Dextromethorphan + Phenylephrine + Zinc gluconate + Paracetamol + Menthol	S.O.4549 (E)Dated 07.09.2018	prohibited	CDSCO list as on 22.11.2021
Paracetamol + Pseudoephedrine + Dextromethorphan + Cetirizine	S.O.4550 (E)Dated 07.09.2018	prohibited	CDSCO list as on 22.11.2021
Diphenhydramine + Guaiphenesin + Ammonium chloride + Bromhexine	S.O.4551 (E) Dated 07.09.2018	prohibited	CDSCO list as on 22.11.2021
Chlorpheniramine +Dextromethorphan +Phenylephrine +Paracetamol	S.O.4552 (E)Dated 07.09.2018	prohibited	CDSCO list as on 22.11.2021
Dextromethorphen + Promethazine	S.O.4553 (E)Dated 07.09.2018	prohibited	CDSCO list as on 22.11.2021
Diethylcabamazine citrate+ Cetirizine+ Guaiphenesin	S.O.4554 (E) Dated 07.09.2018	prohibited	CDSCO list as on 22.11.2021
Pseudoephedrine + Dextromethorphan + Cetirizine	S.O.4555 (E) Dated 07.09.2018	prohibited	CDSCO list as on 22.11.2021
Chlorpheniramine+ Phenylephrine + Dextromethophan + Menthol	S.O.4556 (E) Dated 07.09.2018	prohibited	CDSCO list as on 22.11.2021
Ambroxol + Terbutaline + Dextromethorphan	S.O.4557 (E) Dated 07.09.2018	prohibited	CDSCO list as on 22.11.2021
Dextromethorphan + Chlorpheniramine + Guaiphenesin	S.O.4558 (E) Dated07.0 9.2018	prohibited	CDSCO list as on 22.11.2021
Terbutaline +Bromhexine +Guaiphenesin + Dextromethorphan	S.O.4559 (E) Dated 07.09.2018	prohibited	CDSCO list as on 22.11.2021
Dextromethorphan + Tripolidine +Phenylephrine	S.O.4560 (E)Dated 07.09.2018	prohibited	CDSCO list as on 22.11.2021
Paracetamol + Dextromethorphan + Chlorpheniramine	S.O.4561 (E) Dated 07.09.2018	prohibited	CDSCO list as on 22.11.2021
Pholcodine + Phenylephrine + Promethazine	S.O.4562 (E) Dated 07.09.2018	prohibited	CDSCO list as on 22.11.2021
Codeine + Levocetirizine + Menthol	S.O.4563 (E) Dated07.0 9.2018	prohibited	CDSCO list as on 22.11.2021
Dextromethorphan + Ambroxol + Guaifenesin + Phenylephrine + Chlorpheniramine	S.O.4564 (E) Dated 07.09.2018	prohibited	CDSCO list as on 22.11.2021
Cetirizine +Phenylephrine + Dextromethorphan +Menthol	S.O.4565 (E) Dated 07.09.2018	prohibited	CDSCO list as on 22.11.2021
Roxithromycin + Serratiopeptidase	S.O.4566 (E) Dated 07.09.2018	prohibited	CDSCO list as on 22.11.2021
Paracetamol + Phenylephrine + Triprolidine	S.O.4567 (E) Dated 07.09.2018	prohibited	CDSCO list as on 22.11.2021
Acetaminophen + Loratadine + Ambroxol + Phenylephrine	S.O.4568 (E)Dated 07.09.2018	prohibited	CDSCO list as on 22.11.2021
Cetirizine + Acetaminophen + Dextromethorphan+ Phenyephrine + Zinc gluconate	S.O.4569 (E) Dated 07.09.2018	prohibited	CDSCO list as on 22.11.2021
Diphenhydramine + Guaifenesin + Bromhexine + Ammonium Chloride + Menthol	S.O.4570 (E) Dated 07.09.2018	prohibited	CDSCO list as on 22.11.2021
Cetirizine + Dextromethorphan + Zinc Gluconate + Menthol	S.O.4571 (E) Dated 07.09.2018	prohibited	CDSCO list as on 22.11.2021
Paracetamol + Phenylephrine + Desloratadine + Zinc Gluconate+ Ambroxol	S.O.4572 (E) Dated 07.09.2018	prohibited	CDSCO list as on 22.11.2021
Levocetirizine + Montelukast + Acebrophylline	S.O.4573 (E) Dated 07.09.2018	prohibited	CDSCO list as on 22.11.2021
Dextromethorphan + Phenylephrine + Ammonium chloride + Menthol	S.O.4574 (E)Dated 07.09.2018	prohibited	CDSCO list as on 22.11.2021
Dextromethorphan + Bromhexine + Guaiphenesin + Menthol	S.O.4575 (E) Dated 07.09.2018	prohibited	CDSCO list as on 22.11.2021
Acrivastine + Paracetamol + Caffeine + Phenylephrine	S.O.4576 (E) Dated07.0 9.2018	prohibited	CDSCO list as on 22.11.2021
Naphazoline +Carboxy Methyl cellulose + Menthol +Camphor +Phenylephrine	S.O.4577 (E)Dated 07.09.2018	prohibited	CDSCO list as on 22.11.2021
Dextromethorphan + Cetirizine	S.O.4578 (E) Dated 07.09.2018	prohibited	CDSCO list as on 22.11.2021
Nimesulide + Paracetamol + Levocetirizine + Phenylephrine + caffeine	S.O.4579 (E)Dated 07.09.2018	prohibited	CDSCO list as on 22.11.2021
Terbutaline +Ambroxol + Guaiphenesin + Zinc + Menthol	S.O.4580 (E) Dated 07.09.2018	prohibited	CDSCO list as on 22.11.2021
Codeine + Chlorpheniramine + Alcohol syrup	S.O.4581 (E)Dated 07.09.2018	prohibited	CDSCO list as on 22.11.2021
Dextromethorphan + Phenylephrine + Guaifenesin + Triprolidine	S.O.4582 (E)Dated 07.09.2018	prohibited	CDSCO list as on 22.11.2021
Diethylcarbamazine +Cetirizine + Ambroxol	S.O.4583 (E)Dated 07.09.2018	prohibited	CDSCO list as on 22.11.2021
Ethylmorphine + Noscapine + Chlorpheniramine Maleate	S.O.4584 (E)Dated 07.09.2018	prohibited	CDSCO list as on 22.11.2021
Cetirizine + Dextromethorphan +Ambroxol	S.O.4585 (E) Dated 07.09.2018	prohibited	CDSCO list as on 22.11.2021
Ambroxol + Guaifenesin + Phenylephrine + Chlorpheniramine	S.O.4586 (E)Dated 07.09.2018	prohibited	CDSCO list as on 22.11.2021
Paracetamol + Phenylephrine + Chlorpheniramine + Zinc Gluconate	S.O.4587 (E) Dated 07.09.2018	prohibited	CDSCO list as on 22.11.2021
Dextromethorphan + Phenylephrine + Cetirizine + Paracetamol + Caffeine	S.O.4588 (E)Dated 07.09.2018	prohibited	CDSCO list as on 22.11.2021
Levocetirizine + Dextromethorphan + Zinc	S.O.4589 (E)Dated 07.09.2018	prohibited	CDSCO list as on 22.11.2021
Paracetamol + Phenylephrine + Levocetirizine + Caffeine	S.O.4590 (E) Dated 07.09.2018	prohibited	CDSCO list as on 22.11.2021
Chlorpheniramine + Ammonium Chloride +Sodium Chloride	S.O.4591 (E) Dated07.0 9.2018	prohibited	CDSCO list as on 22.11.2021
Paracetamol + Dextromethorphan + Bromhexine + Phenylephrine + Diphenhydramine	S.O.4592(E) Dated 07.09.2018	prohibited	CDSCO list as on 22.11.2021
Salbutamol + Bromhexine + Guaiphenesin + Menthol	S.O.4593 (E)Dated 07.09.2018	prohibited	CDSCO list as on 22.11.2021
Chlorpheniramine + Ammonium Chloride + Noscapine + Sodium Citrate	S.O.4594 (E) Dated 07.09.2018	prohibited	CDSCO list as on 22.11.2021
Cetirizine + Dextromethorphan + Bromhexine + Guaifenesin	S.O.4595 (E) Dated 07.09.2018	prohibited	CDSCO list as on 22.11.2021
Diethylcarbamazine + Chlorpheniramine +Guaifenesin	S.O.4596 (E)Dated 07.09.2018	prohibited	CDSCO list as on 22.11.2021
Ketotifen + Cetirizine	S.O.4597 (E)Dated 07.09.2018	prohibited	CDSCO list as on 22.11.2021
Terbutaline +Bromhexine +Etofylline	S.O.4598 (E)Dated 07.09.2018	prohibited	CDSCO list as on 22.11.2021
Ketotifen + Theophylline	S.O.4599 (E)Dated 07.09.2018	prohibited	CDSCO list as on 22.11.2021
Ambroxol + Salbutamol +Theophylline	S.O.4600 (E)Dated 07.09.2018	prohibited	CDSCO list as on 22.11.2021
Cetirizine + Nimesulide + Phenylephrine	S.O.4601 (E) Dated 07.09.2018	prohibited	CDSCO list as on 22.11.2021
Chloropheniramine + Phenylephrine + Paracetamol + Zinc Gluconate	S.O.4602 (E) Dated 07.09.2018	prohibited	CDSCO list as on 22.11.2021
Acetaminophen + Guaifenesin + Dextromethorphan + Chlorpheniramine	S.O.4603 (E)Dated 07.09.2018	prohibited	CDSCO list as on 22.11.2021
Cetirizine + Dextromethorphan + Phenylephrine + Tulsi	S.O.4604 (E) Dated 07.09.2018	prohibited	CDSCO list as on 22.11.2021
Cetirizine + Phenylephrine + Paracetamol + Ambroxol + Caffeine	S.O.4605 (E)Dated 07.09.2018	prohibited	CDSCO list as on 22.11.2021
Guaifenesin + Dextromethorphan	S.O.4606 (E) Dated 07.09.2018	prohibited	CDSCO list as on 22.11.2021
Levocetirizine + Paracetamol + Phenylephrine + Caffeine	S.O.4607 (E) Dated 07.09.2018	prohibited	CDSCO list as on 22.11.2021
Ketotifen + Levocetirizine	S.O.4608 (E) Dated 07.09.2018	prohibited	CDSCO list as on 22.11.2021
Paracetamol +Levocetirizine + Phenylephrine + Zinc Gluconate	S.O.4609 (E) Dated 07.09.2018	prohibited	CDSCO list as on 22.11.2021
Paracetamol + Phenylephrine + Triprolidine +Caffeine	S.O.4610 (E) Dated 07.09.2018	prohibited	CDSCO list as on 22.11.2021
Caffeine+ Paracetamol + Phenylephrine + Cetirizine	S.O.4611(E) Dated 07.09.2018	prohibited	CDSCO list as on 22.11.2021
Dextromethorphan+ Phenylephrine +Guaifenesin	S.O.4612 (E) Dated07.0 9.2018	prohibited	CDSCO list as on 22.11.2021
Ambroxol + Levocetirizine +Phenylephrine +Guaiphenesin +Menthol	S.O.4613 (E)Dated 07.09.2018	prohibited	CDSCO list as on 22.11.2021
Pseudoephedrine + Cetirizine	S.O.4614 (E)Dated 07.09.2018	prohibited	CDSCO list as on 22.11.2021
Dextromethorphan + Chlorpheniramine + Ammonium Chloride + Menthol	S.O.4615 (E)Dated 07.09.2018	prohibited	CDSCO list as on 22.11.2021
Salbutamol + Aminophylline + Guaifenesin	S.O.4617 (E)Dated 07.09.2018	prohibited	CDSCO list as on 22.11.2021
Salbutamol+ Theophylline +Bromhexine	S.O.4618 (E) Dated 07.09.2018	prohibited	CDSCO list as on 22.11.2021
Chlorpheniramine + Dextromethorphan + Guaifenesin + Phenylephrine	S.O.4619 (E) Dated 07.09.2018	prohibited	CDSCO list as on 22.11.2021
Caffeine + Paracetamol + Chlorpheniramine	S.O.4620 (E) Dated 07.09.2018	prohibited	CDSCO list as on 22.11.2021
Ammonium Chloride + Dextromethorphan + Cetirizine + Menthol	S.O.4621 (E) Dated 07.09.2018	prohibited	CDSCO list as on 22.11.2021
Dextromethorphan + Paracetamol + Cetirizine + Phenylephrine	S.O.4622 (E)Dated 07.09.2018	prohibited	CDSCO list as on 22.11.2021
Chlorpheniramine + Terpin + Antimony Potassium Tartrate + Ammonium chloride + Sodium Citrate + Menthol	S.O. 4623 (E) Dated 07.09.2018	prohibited	CDSCO list as on 22.11.2021
Terbutaline Sulphate + Etofylline + Ambroxol	S.O.4624 (E)Dated 07.09.2018	prohibited	CDSCO list as on 22.11.2021
Paracetamol + Codeine + Chlorpheniramine	S.O.4625(E) Dated07.0 9.2018	prohibited	CDSCO list as on 22.11.2021
Paracetamol + Pseudoephedrine + Cetirizine + Caffeine	S.O.4626 (E) Dated07.0 9.2018	prohibited	CDSCO list as on 22.11.2021
Chlorpheniramine + Ammonium Chloride + Menthol	S.O.4627(E) Dated07.09 .2018	prohibited	CDSCO list as on 22.11.2021
N-Acetyl Cysteine + Ambroxol + Phenylephrine + Levocetirizine	S.O.4628 (E)Dated 07.09.2018	prohibited	CDSCO list as on 22.11.2021
Dextromethorphan + Phenylephrine + Tripolidine + Menthol	S.O.4629 (E)Dated 07.09.2018	prohibited	CDSCO list as on 22.11.2021
Salbutamol + Cetirizine+ Ambroxol	S.O.4630 (E) Dated07.0 9.2018	prohibited	CDSCO list as on 22.11.2021
Dextromethorphan + Phenylephrine + Bromhexine + Guaifenesin + Chlorpheniramine	S.O.4631 (E)Dated 07.09.2018	prohibited	CDSCO list as on 22.11.2021
Nimesulide + Cetirizine +Phenylephrine	S.O.4632 (E)Dated 07.09.2018	prohibited	CDSCO list as on 22.11.2021
Naphazoline + Chlorpheniramine+ Zinc Sulphate +Boric Acid + Sodium chloride + Chlorobutol	S.O.4633 (E) Dated 07.09.2018	prohibited	CDSCO list as on 22.11.2021
Dextromethorphan + Phenylephrine + Guaifenesin + Cetirizine + Acetaminophen	S.O.4634 (E) Dated 07.09.2018	prohibited	CDSCO list as on 22.11.2021
Guaifenesin + Bromhexine + Chlorpheniramine + Paracetamol	S.O.4635 (E) Dated 07.09.2018	prohibited	CDSCO list as on 22.11.2021
Chlorpheniramine + Ammonium Chloride + Chloroform + Menthol	S.O.4636 (E)Dated 07.09.2018	prohibited	CDSCO list as on 22.11.2021
Salbutamol + Choline Theophylinate + Ambroxol	S.O.4637 (E) Dated 07.09.2018	prohibited	CDSCO list as on 22.11.2021
Pseudoephedrine +Bromhexine	S.O.4638 (E) Dated 07.09.2018	prohibited	CDSCO list as on 22.11.2021
Cetirizine + Phenylephrine + Paracetamol + Caffeine + Nimesulide	S.O.4639 (E) Dated 07.09.2018	prohibited	CDSCO list as on 22.11.2021
Dextromethorphan + Cetirizine + Guaifenesin + Ammonium Chloride	S.O.4640 (E) Dated 07.09.2018	prohibited	CDSCO list as on 22.11.2021
Ambroxol + Salbutamol + Choline Theophyllinate + Menthol	S.O.4641 (E) Dated 07.09.2018	prohibited	CDSCO list as on 22.11.2021
Paracetamol +Chlorpheniramine + Ambroxol + Guaifenesin + Phenylephrine	S.O.4642(E) Dated 07.09.2018	prohibited	CDSCO list as on 22.11.2021
Chlorpheniramine + Vasaka + Tolubalsam + Ammonium Chloride + Sodium Citrate + Menthol	S.O. 4643 (E) Dated 07.09.2018	prohibited	CDSCO list as on 22.11.2021
Bromhexine + Cetirizine + Phenylephrine + Guaifenesin + Menthol	S.O.4644 (E)Dated 07.09.2018	prohibited	CDSCO list as on 22.11.2021
Dextromethorphan + Ambroxol + Ammonium Chloride + Chlorpheniramine + Menthol	S.O. 4645 (E) Dated 07.09.2018	prohibited	CDSCO list as on 22.11.2021
Dextromethorphan + Phenylephrine + Cetirizine + Zinc + Menthol	S.O.4646 (E)Dated 07.09.2018	prohibited	CDSCO list as on 22.11.2021
Terbutaline + N-AcetylL - Cysteine + Guaifenesin	S.O.4647 (E)Dated 07.09.2018	prohibited	CDSCO list as on 22.11.2021
Calcium Gluconate + Levocetirizine	S.O.4648 (E)Dated 07.09.2018	prohibited	CDSCO list as on 22.11.2021
Paracetamol + Levocetirizine + Pseudoephedrine	S.O.4649 (E)Dated 07.09.2018	prohibited	CDSCO list as on 22.11.2021
Salbutamol + Choline Theophylinate + Carbocisteine	S.O.4650 (E)Dated 07.09.2018	prohibited	CDSCO list as on 22.11.2021
Chlorpheniramine + Vitamin C	S.O.4651 (E) Dated07.0 9.2018	prohibited	CDSCO list as on 22.11.2021
Calcium Gluconate + Chlorpheniramine + Vitamin C	S.O.4652 (E)Dated 07.09.2018	prohibited	CDSCO list as on 22.11.2021
Chlorpheniramine + Paracetamol+ Pseudoephedrine + Caffeine	S.O.4653 (E)Dated 07.09.2018	prohibited	CDSCO list as on 22.11.2021
Guaifenesin + Bromhexine + Chlorpheniramine + Phenylephrine + Paracetamol + Serratiopeptidase (as enteric coated granules) 10000 S P Units	S.O.4654 (E)Dated 07.09.2018	prohibited	CDSCO list as on 22.11.2021
Paracetamol + Pheniramine	S.O.4655 (E) Dated 07.09.2018	prohibited	CDSCO list as on 22.11.2021
Betamethasone+ Fusidic Acid + Gentamycin+ Tolnaftate + Iodochlorhydroxyquinoline (ICHQ)	S.O.4656(E) Dated 07.09.2018	prohibited	CDSCO list as on 22.11.2021
Clobetasol + Ofloxacin + Miconazole + Zinc Sulphate	S.O.4657(E) Dated 07.09.2018	prohibited	CDSCO list as on 22.11.2021
Clobetasole + Gentamicin + Miconazole + Zinc Sulphate	S.O.4658(E) Dated 07.09.2018	prohibited	CDSCO list as on 22.11.2021
Levocetirizine + Ambroxol + Phenylephrine + Paracetamol	S.O.4659(E) Dated 07.09.2018	prohibited	CDSCO list as on 22.11.2021
Permethrin + Cetrimide + Menthol	S.O.4660(E) Dated 07.09.2018	prohibited	CDSCO list as on 22.11.2021
Beclomethasone + Clotimazole + Neomycin + Iodochlorohydroxyquinone	S.O.4661(E) Dated 07.09.2018	prohibited	CDSCO list as on 22.11.2021
Neomycin +Doxycycline	S.O.4662(E) Dated 07.09.2018	prohibited	CDSCO list as on 22.11.2021
Ciprofloxacin +Fluocinolone + Clotrimazole + Neomycin + Chlorocresol	S.O.4663(E) Dated 07.09.2018	prohibited	CDSCO list as on 22.11.2021
Clobetasol +Ofloxacin + Ketoconazole + Zinc Sulphate	S.O.4664(E) Dated 07.09.2018	prohibited	CDSCO list as on 22.11.2021
Betamethasone + Gentamicin + Tolnaftate + Iodochlorhydroxyquinoline	S.O.4665(E) Dated 07.09.2018	prohibited	CDSCO list as on 22.11.2021
Clobetasol + Gentamicin + Tolnaftate + Idochlorhydroxyquinone + Ketoconazole	S.O.4666(E) Dated 07.09.2018	prohibited	CDSCO list as on 22.11.2021
Allantoin + Dimethieone + Urea + Propylene + Glycerin + Liquid paraffin	S.O.4667(E) Dated 07.09.2018	prohibited	CDSCO list as on 22.11.2021
Acriflavine + Thymol + Cetrimide	S.O.4668(E) Dated 07.09.2018	prohibited	CDSCO list as on 22.11.2021
Betamethasone + Neomycin + Tolnaftate + IodoChloro Hydroxy Quinoline + Chlorocresol	S.O.4669(E) Dated 07.09.2018	prohibited	CDSCO list as on 22.11.2021
Clobetasol + Neomycin + Miconazole + Clotrimazole	S.O.4670(E) Dated 07.09.2018	prohibited	CDSCO list as on 22.11.2021
Ketoconazole + Tea Tree Oil + Allantoin + inc Oxide + Aloe Vera + Jojoba oil + Lavander oil + Soap noodles	S.O.4671(E) Dated 07.09.2018	prohibited	CDSCO list as on 22.11.2021
Clobetasol + Ofloxacin + Ornidazole +Terbinafine	S.O.4672(E) Dated 07.09.2018	prohibited	CDSCO list as on 22.11.2021
Clobetasol + Neomycin +Miconazole +Zinc Sulphate	S.O.4673(E) Dated 07.09.2018	prohibited	CDSCO list as on 22.11.2021
Beclomethasone + Neomycin + Tolnaftate + Iodochlorhydroxyquinoline + Chlorocresol	S.O.4674(E) Dated 07.09.2018	prohibited	CDSCO list as on 22.11.2021
Betamethasone + Gentamycin + Zinc Sulphate +Clotrimazole + Chlorocresol	S.O.4675(E) Dated 07.09.2018	prohibited	CDSCO list as on 22.11.2021
Borax + Boric acid + Naphazoline +Menthol + Camphor + Methyl hydroxy benzoate	S.O.4676 (E) Dated 07.09.2018	prohibited	CDSCO list as on 22.11.2021
Bromhexine + Dextromethorphan	S.O.4677 (E) Dated 07.09.2018	prohibited	CDSCO list as on 22.11.2021
Dextromethorphan + Chlorpheniramine + Bromhexine	S.O.4678 (E) Dated 07.09.2018	prohibited	CDSCO list as on 22.11.2021
Menthol + Anesthetic Ether	S.O. 4679 (E)Dated 07.09.2018	prohibited	CDSCO list as on 22.11.2021
Dextromethorphan + Chlorpheniramine + Ammonium Chloride + Sodium Citrate +Menthol	S.O. 4680 (E) Dated 07.09.2018	prohibited	CDSCO list as on 22.11.2021
Ergotamine Tartrate + Belladona dry extract + Caffeine + Paracetamol	S.O.4681(E) Dated 07.09.2018	prohibited	CDSCO list as on 22.11.2021
Gliclazide 40mg + Metformin 400mg	S.O.4682(E) Dated 07.09.2018	prohibited	CDSCO list as on 22.11.2021
Paracetamol + Ambroxol + Phenylephrine + Chlorpheniramine	S.O.4683(E) Dated 07.09.2018	prohibited	CDSCO list as on 22.11.2021
Ofloxacin + Ornidazole Suspension	S.O.4684 (E)Dated 07.09.2018	prohibited	CDSCO list as on 22.11.2021
Albuterol + Etofylline + Bromhexine + Menthol	S.O.4685 (E) Dated 07.09.2018	prohibited	CDSCO list as on 22.11.2021
Albuterol + Bromhexine + Theophylline	S.O.4686(E) Dated 07.09.2018	prohibited	CDSCO list as on 22.11.2021
Paracetamol + Phenylephrine + Levocetirizine + Sodium Citrate	S.O.4688(E) Dated 07.09.2018	prohibited	CDSCO list as on 22.11.2021
Guaifenesin + Diphenhydramine + Bromhexine +Phenylephrine	S.O.4690(E) Dated 07.09.2018	prohibited	CDSCO list as on 22.11.2021
Dried Aluminium Hydroxide Gel + Propantheline Bromide +Diazepam	S.O.4691(E) Dated 07.09.2018	prohibited	CDSCO list as on 22.11.2021
Bromhexine +Phenylephrine + Chlorpheniramine + Paracetamol	S.O.4692(E) Dated 07.09.2018	prohibited	CDSCO list as on 22.11.2021
Beclomethasone + Clotrimazole + Gentamicin + Iodo- Chlorhydroxyquinoline	S.O.4693(E) Dated 07.09.2018	prohibited	CDSCO list as on 22.11.2021
Telmisartan + Metformin	S.O.4694(E) Dated 07.09.2018	prohibited	CDSCO list as on 22.11.2021
Ammonium Citrate + Vitamin B12 + Folic Acid + Zinc Sulphate	S.O.4695(E) Dated 07.09.2018	prohibited	CDSCO list as on 22.11.2021
Levo thyroxine Pyridoxine + Nicotinamide	S.O.4696(E) Dated 07.09.2018	prohibited	CDSCO list as on 22.11.2021
Benfotiamine + Metformin	S.O.4697(E) Dated 07.09.2018	prohibited	CDSCO list as on 22.11.2021
Thyroid + Thiamine + Riboflavin + Pyridoxine + Calcium Pantothenate + Tocopheryl Acetate + Nicotinamide	S.O.4698(E) Dated 07.09.2018	prohibited	CDSCO list as on 22.11.2021
Ascorbic Acid + Menadione Sodium Bisulphate + Rutin + Dibasic Calcium Phosphate + Adrenochrome Mono Semi carbazone	S.O.4699(E) Dated 07.09.2018	prohibited	CDSCO list as on 22.11.2021
Phenylephrine + Chlorpheniramine + Paracetamol + Bromhexine + Caffeine	S.O.4700(E) Dated 07.09.2018	prohibited	CDSCO list as on 22.11.2021
Clotrimazole +Beclomethasone +Lignocaine +Ofloxacin + Acetic Acid + Sodium Methyl Paraben + Propyl Paraben	S.O.4701(E) Dated 07.09.2018	prohibited	CDSCO list as on 22.11.2021
Fixed Dose Combinations Of Nimesulide + Levocetrizine	S.O.4702 (E) Dated 07.09.2018	prohibited	CDSCO list as on 22.11.2021
Fixed Dose Combinations Of Ofloxacin + Ornidazole Injection	S.O.4703 (E) Dated 07.09.2018	prohibited	CDSCO list as on 22.11.2021
Fixed Dose Combinations Of Gemifloxacin + Ambroxol	S.O.4704(E) Dated 07.09.2018	prohibited	CDSCO list as on 22.11.2021
Fixed Dose Combinations Of Glucosamin + Ibuprofen	S.O.4705 (E) Dated 07.09.2018	prohibited	CDSCO list as on 22.11.2021
5-bromosalicyl-4-chloranilide + Salicylic acid	S.O.180(E) 11.01.2019	prohibited	CDSCO list as on 22.11.2021
Activated charcoal + Fungal diastase + Lactic acid	S.O.181(E) 11.01.2019	prohibited	CDSCO list as on 22.11.2021
Allobarbitone + Phospho-dimethyl-isopropyl-pyrazolone	S.O.182(E)1 1.01.2019	prohibited	CDSCO list as on 22.11.2021
Artesunate + Arteether + Artemether	S.O.183(E)1 1.01.2019	prohibited	CDSCO list as on 22.11.2021
Atorvastatin + Acetyl Salicylic acid + Caffeine	S.O.184 (E) 11.01.2019	prohibited	CDSCO list as on 22.11.2021
Chlormezanone + Paracetamol+ Diclofenac sodium	S.O.185 (E) 11.01.2019	prohibited	CDSCO list as on 22.11.2021
Chlormezanone +Paracetamol + Ibuprofen	S.O.186 (E) 11.01.2019	prohibited	CDSCO list as on 22.11.2021
Chlorzoxazone + Ibuprofen + Paracetamol + Diclofenac + Oxyphenbutazone + Magnesium hydroxide	S.O.187 (E) 11.01.2019	prohibited	CDSCO list as on 22.11.2021
Chlorzoxazone + Paracetamol + Ibuprofen + Diclofenac sodium	S.O.188 (E)11.01.20 19	prohibited	CDSCO list as on 22.11.2021
Ciprofloxacin + Tinidazole + Dicyclomine	S.O.189 (E) 11.01.2019	prohibited	CDSCO list as on 22.11.2021
Dicyclomine + Dextromethorphan + Paracetamol	S.O.190 (E) 11.01.2019	prohibited	CDSCO list as on 22.11.2021
Dicyclomine + Paracetamol + Chlordiazepoxide	S.O.191 (E)11.01.20 19	prohibited	CDSCO list as on 22.11.2021
Dicyclomine +Paracetamol +Phenylisopropyl Pyrazolone	S.O.192 (E) 11.01.2019	prohibited	CDSCO list as on 22.11.2021
Dicyclomine + Serratiopeptidase	S.O.193 (E) 11.01.2019	prohibited	CDSCO list as on 22.11.2021
Ibuprofen + Colchicine	S.O.194 (E) 11.01.2019	prohibited	CDSCO list as on 22.11.2021
Ibuprofen + Dextropropoxyphene + Paracetamol	S.O.195 (E) 11.01.2019	prohibited	CDSCO list as on 22.11.2021
Ibuprofen + Paracetamol + Colchicine	S.O.196 (E) 11.01.2019	prohibited	CDSCO list as on 22.11.2021
Ibuprofen + Paracetamol+ Magnesium trisilicate	S.O.197 (E) 11.01.2019	prohibited	CDSCO list as on 22.11.2021
Mebeverine + Alprazolam	S.O.198 (E) 11.01.2019	prohibited	CDSCO list as on 22.11.2021
Mecobalamin + Methenamine mandelate	S.O.199 (E) 11.01.2019	prohibited	CDSCO list as on 22.11.2021
Norfloxacin +Tinidazole +Dicyclomine	S.O.200 (E) 11.01.2019	prohibited	CDSCO list as on 22.11.2021
Norfloxacin+Tinidazole+Loperamide	S.O.201 (E) 11.01.2019	prohibited	CDSCO list as on 22.11.2021
Ondansetron +Paracetamol	S.O.202 (E) 11.01.2019	prohibited	CDSCO list as on 22.11.2021
Paracetamol + Alprazolam	S.O.203 (E) 11.01.2019	prohibited	CDSCO list as on 22.11.2021
Paracetamol + Diclofenac Sodium + Amoxicillin + Cloxacillin + Pantoprazole + Lactic Acid Bacillus + Serratiopeptidase	S.O.204 (E) 11.01.2019	prohibited	CDSCO list as on 22.11.2021
Paracetamol + Diclofenac sodium + Magnesium Trisilicate + Chlorpheniramine Maleate	S.O.205 (E) 11.01.2019	prohibited	CDSCO list as on 22.11.2021
Paracetamol + Ketoprofen + Dextropropoxyphene	S.O.206 (E) 11.01.2019	prohibited	CDSCO list as on 22.11.2021
Ranitidine + Dicyclomine + Clidinium bromide	S.O.207 (E) 11.01.2019	prohibited	CDSCO list as on 22.11.2021
Ranitidine + Omeprazole	S.O.208 (E) 11.01.2019	prohibited	CDSCO list as on 22.11.2021
Acriflavine + Gentian violet + Brilliant green	S.O.209 (E) 11.01.2019	prohibited	CDSCO list as on 22.11.2021
Allantoin + Triclosan + Vitamin E + Zinc Oxide	S.O.210 (E) 11.01.2019	prohibited	CDSCO list as on 22.11.2021
Allantoin + Vitamin E + Camellia Sinensis	S.O.211 (E) 11.01.2019	prohibited	CDSCO list as on 22.11.2021
Atorvastatin + Omega 3 Fatty Acid 250mg	S.O.212 (E) 11.01.2019	prohibited	CDSCO list as on 22.11.2021
Atorvastatin + Ubidecarenone	S.O.213 (E) 11.01.2019	prohibited	CDSCO list as on 22.11.2021
Cefixime + Lactobacillus + Clavulanic Acid	S.O.214 (E) 11.01.2019	prohibited	CDSCO list as on 22.11.2021
Cefixime + Ornidazole	S.O.215 (E) 11.01.2019	prohibited	CDSCO list as on 22.11.2021
Ceftriaxone + Vancomycin	S.O.216 (E) 11.01.2019	prohibited	CDSCO list as on 22.11.2021
Cefuroxime + Ornidazole	S.O.217 (E) 11.01.2019	prohibited	CDSCO list as on 22.11.2021
Diclofenac + Pitofenone Hydrochloride + Fenpiverinium Bromide + Paracetamol	S.O.218 (E) 11.01.2019	prohibited	CDSCO list as on 22.11.2021
Dicyclomine + Paracetamol + Dextropropoxyphene + Chlordiazepoxide	S.O.219 (E) 11.01.2019	prohibited	CDSCO list as on 22.11.2021
Dicyclomine + Paracetamol + Dimethylpolysiloxane	S.O.220 (E) 11.01.2019	prohibited	CDSCO list as on 22.11.2021
Dicyclomine + Paracetamol+ Simethicone	S.O.221 (E) 11.01.2019	prohibited	CDSCO list as on 22.11.2021
Doxycycline + Tinidazole	S.O.222 (E) 11.01.2019	prohibited	CDSCO list as on 22.11.2021
Drotaverine + Omeprazole	S.O.223 (E) 11.01.2019	prohibited	CDSCO list as on 22.11.2021
Fenpiverinium Bromide + Diclofenac sodium + Pitofenone hydrochloride	S.O.224 (E) 11.01.2019	prohibited	CDSCO list as on 22.11.2021
Glucosamine + Ascorbic Acid	S.O.225 (E) 11.01.2019	prohibited	CDSCO list as on 22.11.2021
Glucosamine + Boswellia Serrata	S.O.226 (E) 11.01.2019	prohibited	CDSCO list as on 22.11.2021
Glucosamine + Calcium Carbonate	S.O.227 (E) 11.01.2019	prohibited	CDSCO list as on 22.11.2021
Glucosamine + Cetyl Myristate Oleate	S.O.228 (E) 11.01.2019	prohibited	CDSCO list as on 22.11.2021
Glucosamine + Chondroitin sulphate +Methyl sulfonyl methane	S.O.229 (E)11.01.20 19	prohibited	CDSCO list as on 22.11.2021
Glucosamine + Chondroitin sulphate + Vitamin C+ manganese sulphate	S.O.230 (E) 11.01.2019	prohibited	CDSCO list as on 22.11.2021
Glucosamine + Chondroitin + Vitamin C + Vitamin E + Manganese	S.O.231 (E) 11.01.2019	prohibited	CDSCO list as on 22.11.2021
Glucosamine + Chondroitin + Vitamin C	S.O.232 (E) 11.01.2019	prohibited	CDSCO list as on 22.11.2021
Glucosamine + Chondroitin + Vitamin C + Vitamin E + Manganese sulphate + Sodium borate + Selenium dioxide	S.O.233 (E) 11.01.2019	prohibited	CDSCO list as on 22.11.2021
Glucosamine + Cholecalciferol + Manganese + Ascorbic acid	S.O.234 (E) 11.01.2019	prohibited	CDSCO list as on 22.11.2021
Glucosamine + Manganese	S.O.235 (E) 11.01.2019	prohibited	CDSCO list as on 22.11.2021
Glucosamine +Mecobalamin + Dimethyl Sulfone	S.O.236 (E) 11.01.2019	prohibited	CDSCO list as on 22.11.2021
Glucosamine + Mecobalamin	S.O.237 (E) 11.01.2019	prohibited	CDSCO list as on 22.11.2021
Glucosamine + Mecobalamin + Milk calcium	S.O.238 (E) 11.01.2019	prohibited	CDSCO list as on 22.11.2021
Glucosamine + Methyl sulfonyl methane	S.O.239 (E) 11.01.2019	prohibited	CDSCO list as on 22.11.2021
Glucosamine + Methyl sulfonyl methane + Cetyl Myristate	S.O.240 (E)11.01.20 19	prohibited	CDSCO list as on 22.11.2021
Glucosamine + Vitamin C + Calcium + Methyl Sulfonyl Methane + Chondroitin + Manganese	S.O.241 (E) 11.01.2019	prohibited	CDSCO list as on 22.11.2021
Glucosamine + Vitamin C+ Vitamin E + Chondroitin sulphate + Methyl sulfonyl methane + Manganese sulphate	S.O.242 (E) 11.01.2019	prohibited	CDSCO list as on 22.11.2021
Glucosamine sulphate + Chondroitin sulphate + Vitamin E + Manganese	S.O.243 (E) 11.01.2019	prohibited	CDSCO list as on 22.11.2021
Glucosamine + Calcium + Vitamin D3	S.O.244 (E) 11.01.2019	prohibited	CDSCO list as on 22.11.2021
Ornidazole + Doxycycline	S.O.245 (E) 11.01.2019	prohibited	CDSCO list as on 22.11.2021
Ornidazole + Fluconazole + Azithromycin	S.O.246 (E) 11.01.2019	prohibited	CDSCO list as on 22.11.2021
Propranolol + Hydralazine	S.O.247 (E) 11.01.2019	prohibited	CDSCO list as on 22.11.2021
Propranolol + Hydrochlorothiazide + Dihydralazine	S.O.248 (E) 11.01.2019	prohibited	CDSCO list as on 22.11.2021
Ranitidine + Dicyclomine + Nimesulide	S.O.249 (E) 11.01.2019	prohibited	CDSCO list as on 22.11.2021
Ranitidine + Dicycloverine + Simethicone	S.O.250 (E) 11.01.2019	prohibited	CDSCO list as on 22.11.2021
Ranitidine + Drotaverine	S.O.251 (E) 11.01.2019	prohibited	CDSCO list as on 22.11.2021
Telmisartan + Ramipril + Hydrochlorothiazide	S.O.252 (E) 11.01.2019	prohibited	CDSCO list as on 22.11.2021
Ibuprofen + Paracetamol+ Phenylephrine + Chlorpheniramine maleate	S.O.253 (E) 11.01.2019	prohibited	CDSCO list as on 22.11.2021
Nimesulide + Phenylephrine + Chlorpheniramine maleate + Caffeine	S.O.254 (E) 11.01.2019	prohibited	CDSCO list as on 22.11.2021
Nimesulide + Pitofenone + Fenpiverinium Bromide	S.O.255 (E) 11.01.2019	prohibited	CDSCO list as on 22.11.2021
Nimesulide+ Pseudoephedrine + Cetirizine	S.O.256 (E) 11.01.2019	prohibited	CDSCO list as on 22.11.2021
Ofloxacin + Diclofenac + Lignocaine	S.O.257 (E) 11.01.2019	prohibited	CDSCO list as on 22.11.2021
Ondansetron + Omeprazole	S.O.258 (E) 11.01.2019	prohibited	CDSCO list as on 22.11.2021
Hydrochlorothiazide + Ramipril +Losartan Potassium	S.O.259 (E) 11.01.2019	prohibited	CDSCO list as on 22.11.2021
Fixed dose combinations of Corticosteroids with any other drug [excluding Fixed D ose Combination of Tamsulosin HCl 0.4mg (as film coated modified release tablet) + Deflazacort 30mg in hard gelatin capsule] for internal use except for preparations meant for meter dose inhalers and dry powder inhalers. Substituted vide	GSR NO. 255(E) Dated 07.04.2021	prohibited	CDSCO list as on 22.11.2021
Nimesulide + Paracetamol dispersible tablets	S.O. 2394(E) to 2407(E) dated 02.06.2023	prohibited	Lok Sabha USQ 2632, 04.08.2023
Amoxicillin + Bromhexine	S.O. 2394(E) to 2407(E) dated 02.06.2023	prohibited	Lok Sabha USQ 2632, 04.08.2023
Pholcodine + Promethazine	S.O. 2394(E) to 2407(E) dated 02.06.2023	prohibited	Lok Sabha USQ 2632, 04.08.2023
Chlorpheniramine maleate + Dextromethorphan + Guaifenesin + Ammonium chloride + Menthol	S.O. 2394(E) to 2407(E) dated 02.06.2023	prohibited	Lok Sabha USQ 2632, 04.08.2023
Chlorpheniramine Maleate + Codeine syrup	S.O. 2394(E) to 2407(E) dated 02.06.2023	prohibited	Lok Sabha USQ 2632, 04.08.2023
Ammonium Chloride + Bromhexine + Dextromethorphan	S.O. 2394(E) to 2407(E) dated 02.06.2023	prohibited	Lok Sabha USQ 2632, 04.08.2023
Bromhexine + Dextromethorphan + Ammonium Chloride + Menthol	S.O. 2394(E) to 2407(E) dated 02.06.2023	prohibited	Lok Sabha USQ 2632, 04.08.2023
Dextromethorphan + Chlorpheniramine + Guaifenesin + Ammonium Chloride	S.O. 2394(E) to 2407(E) dated 02.06.2023	prohibited	Lok Sabha USQ 2632, 04.08.2023
Paracetamol + Bromhexine + Phenylephrine + Chlorpheniramine + Guaifenesin	S.O. 2394(E) to 2407(E) dated 02.06.2023	prohibited	Lok Sabha USQ 2632, 04.08.2023
Salbutamol + Bromhexine	S.O. 2394(E) to 2407(E) dated 02.06.2023	prohibited	Lok Sabha USQ 2632, 04.08.2023
Chlorpheniramine +Codeine phosphate +Menthol syrup	S.O. 2394(E) to 2407(E) dated 02.06.2023	prohibited	Lok Sabha USQ 2632, 04.08.2023
Phenytoin + Phenobarbitone sodium	S.O. 2394(E) to 2407(E) dated 02.06.2023	prohibited	Lok Sabha USQ 2632, 04.08.2023
Ammonium Chloride + Sodium Citrate + Chlorpheniramine Maleate + Menthol 46mg + 3mg + 0.9mg) &	S.O. 2394(E) to 2407(E) dated 02.06.2023	prohibited	Lok Sabha USQ 2632, 04.08.2023
Salbutamol + Hydroxyethyltheophylline (Etofylline) + Bromhexine	S.O. 2394(E) to 2407(E) dated 02.06.2023	prohibited	Lok Sabha USQ 2632, 04.08.2023
D 02.8.2024 (ISSUE DATE - 12.08.2024 : PUBLISHED ON - 21.08.2024) S. NO. FIXED DOSE COMBINATION( FDC) S. O. No. DATE 1 Amylase + Protease + Glucoamylase + Pectinase + Alpha G alactosidase + Lactase + Beta- Gluconase + Cellulase + Lipase + Bromelain + Xylanase + Hemic ellulase + Malt diastase + Invertase + Papain	S.O. 3285(E) dated 02.08.2024	prohibited	Goa FDA list of 02.08.2024
Antimony Potassium Tartrate + Dried Ferrous Sulphate	S.O. 3286(E) dated 02.08.2024	prohibited	Goa FDA list of 02.08.2024
Benfotiamine + Silymarin + L-Ornithine L-aspartate + Sodium Selenite + Folic acid + Pyridoxine hydrochloride	S.O. 3287(E) dated 02.08.2024	prohibited	Goa FDA list of 02.08.2024
Bismuth Ammonium Citrate + Papain	S.O. 3288(E) dated 02.08.2024	prohibited	Goa FDA list of 02.08.2024
Cyproheptadine HCl + Thiamine HCl + Riboflavine + Pyridoxine HCl + Niacinamide	S.O. 3289(E) dated 02.08.2024	prohibited	Goa FDA list of 02.08.2024
Cyproheptadine Hydrochloride + Tricholine Citrate + Thiamine H ydrochloride + Riboflavine + Pyridoxine Hydrochloride	S.O. 3290(E) dated 02.08.2024	prohibited	Goa FDA list of 02.08.2024
Rabeprazole Sodium (As enteric coated tablet) + Clidinium B romide + Dicyclomine HCl + Chlordiazepoxide	S.O. 3291(E) dated 02.08.2024	prohibited	Goa FDA list of 02.08.2024
Fungal Diastase + Papain + Nux vomica Tincture + Cardamom Tin cture + Casein Hydrolysed + Alcohol	S.O. 3292(E) dated 02.08.2024	prohibited	Goa FDA list of 02.08.2024
Mefenamic Acid + Paracetamol Injection	S.O. 3293(E) dated 02.08.2024	prohibited	Goa FDA list of 02.08.2024
Omeprazole Magnesium + Dicyclomine HCl	S.O. 3294(E) dated 02.08.2024	prohibited	Goa FDA list of 02.08.2024
S-adenosyl methionine + Metadoxine + Ursodeoxycholicacid B P + L-Methylfolate Calcium eq. to L-Methylfolate + Choline bitartratee + Silymarin + L-ornithine Laspartate + Inositol + Taurine	S.O. 3295(E) dated 02.08.2024	prohibited	Goa FDA list of 02.08.2024
Silymarin + Thiamine Mononitrate + Riboflavin + Pyridoxine H Cl + Niacinamide + Calcium pantothenate + Vitamin B12	S.O. 3296(E) dated 02.08.2024	prohibited	Goa FDA list of 02.08.2024
Silymarin + Pyridoxine HCl + Cyanocobalamin + Niacinamide + Folic Acid	S.O. 3297(E) dated 02.08.2024	prohibited	Goa FDA list of 02.08.2024
Silymarin + Vitamin B6 + Vitamin B12 + Niacinamide + Folic acid + Tricholine Citrate	S.O. 3298(E) dated 02.08.2024	prohibited	Goa FDA list of 02.08.2024
Sodium Citrate + Citric Acid Monohydrate Flavored with Carda mom Oil, Caraway Oil, Cinnamon Oil, Clove Oil, Ginger Oil + Alcohol	S.O. 3299(E) dated 02.08.2024	prohibited	Goa FDA list of 02.08.2024
Sucralfate + Acelofenac	S.O. 3300(E) dated 02.08.2024	prohibited	Goa FDA list of 02.08.2024
Sucralfate + Domperidone + Dimethicone	S.O. 3301(E) dated 02.08.2024	prohibited	Goa FDA list of 02.08.2024
Sucralfate + Domperidone	S.O. 3302(E) dated 02.08.2024	prohibited	Goa FDA list of 02.08.2024
Tincture Ipecacuanha + Tincture Urgenia + Camphorated Opiu m Tincture + Aromatic Spirit of Ammonia + Chloroform + Alcohol	S.O. 3303(E) dated 02.08.2024	prohibited	Goa FDA list of 02.08.2024
Ursodeoxycholic Acid + Metformin HCl	S.O. 3304(E) dated 02.08.2024	prohibited	Goa FDA list of 02.08.2024
Weak Ginger tincture + Aromatic Spirit of Ammonia + Peppermint S pirit + Chloroform + Sodium Bicarbonate + Compound Cardamom + Alcohol i	S.O. 3305(E) dated 02.08.2024	prohibited	Goa FDA list of 02.08.2024
Sucralfate + Pantoprazole Sodium + Zinc Gluconate + Light Ma gnesium Carbonate	S.O. 3306(E) dated 02.08.2024	prohibited	Goa FDA list of 02.08.2024
Aloe + Vitamin E Soap	S.O. 3307(E) dated 02.08.2024	prohibited	Goa FDA list of 02.08.2024
Povidone Iodine+ Metronidazole + Aloe	S.O. 3308(E) dated 02.08.2024	prohibited	Goa FDA list of 02.08.2024
Azelaic acid + Tea Tree Oil + Salicylic acid + Allantoin + Zinc o xide + Aloe vera + Jojoba oil + Vitamin E + Soap noodles	S.O. 3309(E) dated 02.08.2024	prohibited	Goa FDA list of 02.08.2024
Azithromycin + Adapalene	S.O. 3310(E) dated 02.08.2024	prohibited	Goa FDA list of 02.08.2024
Calamine + Aloes + Allantoin	S.O. 3311(E) dated 02.08.2024	prohibited	Goa FDA list of 02.08.2024
Calamine + Diphenhydramine Hydrochloride + Aloe + Glycerin e + Camphor	S.O. 3312(E) dated 02.08.2024	prohibited	Goa FDA list of 02.08.2024
Chlorphenesin + Zinc oxide + Starch	S.O. 3313(E) dated 02.08.2024	prohibited	Goa FDA list of 02.08.2024
Clindamycin Phosphate + Zinc acetate	S.O. 3314(E) dated 02.08.2024	prohibited	Goa FDA list of 02.08.2024
Gamma Benzene Hexachloride + Benzocaine	S.O. 3315(E) dated 02.08.2024	prohibited	Goa FDA list of 02.08.2024
Glucosamine hydrochloride + Diacerein + Menthol + Camphor + Capsaicin	S.O. 3316(E) dated 02.08.2024	prohibited	Goa FDA list of 02.08.2024
Hydroxyquinone 2.0%w/w + Octyl Methoxycinnamate 5.0% w/w + Oxybenzone 30 % w/w	S.O. 3317(E) dated 02.08.2024	prohibited	Goa FDA list of 02.08.2024
Ketoconazole +Zinc Pyrithione +D-Panthenol +Tea Tree Oil +Aloes	S.O. 3318(E) dated 02.08.2024	prohibited	Goa FDA list of 02.08.2024
Ketoconazole +Aloe vera+ Vitamin A Acetate	S.O. 3319(E) dated 02.08.2024	prohibited	Goa FDA list of 02.08.2024
Ketoconazole +Aloes + ZPTO	S.O. 3320(E) dated 02.08.2024	prohibited	Goa FDA list of 02.08.2024
Kojic Acid +Arbutin +Octinoxate +Vitamin E + Mulberry	S.O. 3321(E) dated 02.08.2024	prohibited	Goa FDA list of 02.08.2024
Lornoxicam +capsaicin +menthol+ camphor	S.O. 3322(E) dated 02.08.2024	prohibited	Goa FDA list of 02.08.2024
Lornoxicam + Thiocolchicoside +Oleum Lini +Menthol + Methy l salicylate	S.O. 3323(E) dated 02.08.2024	prohibited	Goa FDA list of 02.08.2024
Menthol + Aloe vera Topical Spray	S.O. 3324(E) dated 02.08.2024	prohibited	Goa FDA list of 02.08.2024
Menthol +Lignocaine HCl +Aloe vera gel +Clotrimazole +Diphen hydramine	S.O. 3325(E) dated 02.08.2024	prohibited	Goa FDA list of 02.08.2024
Miconazole nitrate + Gentamicin + Fluocinolone Acetonide +Zinc Sulphate	S.O. 3326(E) dated 02.08.2024	prohibited	Goa FDA list of 02.08.2024
Miconazole +Tinidazole	S.O. 3327(E) dated 02.08.2024	prohibited	Goa FDA list of 02.08.2024
Minoxidil +Aminexil+ Alcohol	S.O. 3328(E) dated 02.08.2024	prohibited	Goa FDA list of 02.08.2024
Minoxidil +Azelaic acid + saw palmetto	S.O. 3329(E) dated 02.08.2024	prohibited	Goa FDA list of 02.08.2024
Minoxidil +Aminexil	S.O. 3330(E) dated 02.08.2024	prohibited	Goa FDA list of 02.08.2024
Pine Bark extract+ Kojic acid +Sodium Ascorbyl Phosphat e	S.O. 3331(E) dated 02.08.2024	prohibited	Goa FDA list of 02.08.2024
Povidone Iodine +Tinidazole +Zinc sulphate	S.O. 3332(E) dated 02.08.2024	prohibited	Goa FDA list of 02.08.2024
Povidone Iodine + Ornidazole + Dexpanthenol	S.O. 3333(E) dated 02.08.2024	prohibited	Goa FDA list of 02.08.2024
Salicyclic acid +Aloe vera+ Allantoin +D-Panthenol	S.O. 3334(E) dated 02.08.2024	prohibited	Goa FDA list of 02.08.2024
Silver sulphadiazine +Chlorhexidine Gluconate solution +Allant oin + Aloe vera gel +Vitamin E acetate	S.O. 3335(E) dated 02.08.2024	prohibited	Goa FDA list of 02.08.2024
Sodium salicylate + Zinc gluconate + Pyridoxine HCl	S.O. 3336(E) dated 02.08.2024	prohibited	Goa FDA list of 02.08.2024
Tetracycline + Colistin Sulphate	S.O. 3337(E) dated 02.08.2024	prohibited	Goa FDA list of 02.08.2024
Clomiphene +Ubidecarenone	S.O. 3338(E) dated 02.08.2024	prohibited	Goa FDA list of 02.08.2024
Combikit of Clomiphene Citrate + Estradiol Valerate	S.O. 3339(E) dated 02.08.2024	prohibited	Goa FDA list of 02.08.2024
Flavoxate HCl +Ofloxacin	S.O. 3340(E) dated 02.08.2024	prohibited	Goa FDA list of 02.08.2024
Clomiphene Citrate +N-Acetylcysteine	S.O. 3341(E) dated 02.08.2024	prohibited	Goa FDA list of 02.08.2024
Primerose Oil +Cod liver oil	S.O. 3342(E) dated 02.08.2024	prohibited	Goa FDA list of 02.08.2024
Sildenafil Citrate +Papaverine +L-Arginine	S.O. 3343(E) dated 02.08.2024	prohibited	Goa FDA list of 02.08.2024
Tranexamic acid +Mefenamic acid + Vitamin K1	S.O. 3344(E) dated 02.08.2024	prohibited	Goa FDA list of 02.08.2024
Divalproex Sodium +Oxcarbazepine	S.O. 3345(E) dated 02.08.2024	prohibited	Goa FDA list of 02.08.2024
Divalproex Sodium + Levetiracitam	S.O. 3346(E) dated 02.08.2024	prohibited	Goa FDA list of 02.08.2024
Ergotamine tartrate +Caffeine + Paracetamol +Prochlorperazine m aleate	S.O. 3347(E) dated 02.08.2024	prohibited	Goa FDA list of 02.08.2024
Piracetam + Ginkgo biloba extracts + Vinpocetin	S.O. 3348(E) dated 02.08.2024	prohibited	Goa FDA list of 02.08.2024
Ginkgo biloba + methylcobalamin	S.O. 3349(E) dated 02.08.2024	prohibited	Goa FDA list of 02.08.2024
Ginkgo biloba + methylcobalamin + Alpha lipoic acid +Pyrido xine HCl	S.O. 3350(E) dated 02.08.2024	prohibited	Goa FDA list of 02.08.2024
Ginseng Extract +Dried extract of Ginkgo Biloba	S.O. 3351(E) dated 02.08.2024	prohibited	Goa FDA list of 02.08.2024
Meclizine HCl+ Paracetamol + Caffeine	S.O. 3352(E) dated 02.08.2024	prohibited	Goa FDA list of 02.08.2024
Nicergoline + Vinpocetine	S.O. 3353(E) dated 02.08.2024	prohibited	Goa FDA list of 02.08.2024
Gamma Linolenic Acid + Methylcobalamin	S.O. 3354(E) dated 02.08.2024	prohibited	Goa FDA list of 02.08.2024
Beclomethasone Dipropionate + Neomycin Sulphate + Clotrim azole + Lignocaine HCl	S.O. 3355(E) dated 02.08.2024	prohibited	Goa FDA list of 02.08.2024
Boric acid+ Phenylephrine HCl + Naphazoline Nitrate + Menthol + Camphor	S.O. 3356(E) dated 02.08.2024	prohibited	Goa FDA list of 02.08.2024
Naphazoline HCl + Chlorpheniramine Maleate + Zinc Sulphate + H ydroxy Propyl Methyl Cellulose	S.O. 3357(E) dated 02.08.2024	prohibited	Goa FDA list of 02.08.2024
Chlorpheniramine Maleate + Naphazoline HCl + Zinc Sulphate + Sodium Chloride + Hydroxy Propyl Methyl Cellulose	S.O. 3358(E) dated 02.08.2024	prohibited	Goa FDA list of 02.08.2024
Chlorpheniramine Maleate + Naphazoline HCl + Hydroxy Propy l Methyl Cellulose	S.O. 3359(E) dated 02.08.2024	prohibited	Goa FDA list of 02.08.2024
Chlorpheniramine Maleate + Sodium Chloride + Boric Acid + T etrahydrozoline HCl	S.O. 3360(E) dated 02.08.2024	prohibited	Goa FDA list of 02.08.2024
Chlorpheniramine Maleate + Phenylephrine HCl + Antipyrine	S.O. 3361(E) dated 02.08.2024	prohibited	Goa FDA list of 02.08.2024
Ketorolac Tromethamine + Chlorpheniramine Maleate + Phenylephrine HCl + Hydroxy Propyl Methyl Cellulose	S.O. 3362(E) dated 02.08.2024	prohibited	Goa FDA list of 02.08.2024
Ketorolac Tromethamine + Flurometholone	S.O. 3363(E) dated 02.08.2024	prohibited	Goa FDA list of 02.08.2024
Naphazoline HCl + Zinc Sulphate + Boric Acid + Sodium Chlo ride+ Chlorpheniramine Maleate	S.O. 3364(E) dated 02.08.2024	prohibited	Goa FDA list of 02.08.2024
Naphazoline HCl + Hydroxy Propyl Methyl Cellulose + Bori c Acid + Borax + Menthol + Camphor	S.O. 3365(E) dated 02.08.2024	prohibited	Goa FDA list of 02.08.2024
Naphazoline HCl + Hydroxy Propyl Methyl Cellulose + Chlo rpheniramine Maleate +Boric Acid + Sodium Chloride + Zinc Sulphate	S.O. 3366(E) dated 02.08.2024	prohibited	Goa FDA list of 02.08.2024
Naphazoline HCl + Hydroxy Propyl Methyl Cellulose + Chlo rpheniramine Maleate +Boric Acid	S.O. 3367(E) dated 02.08.2024	prohibited	Goa FDA list of 02.08.2024
Naphazoline HCl + Chlorpheniramine Maleate + Methyl Cellulose	S.O. 3368(E) dated 02.08.2024	prohibited	Goa FDA list of 02.08.2024
Naphazoline HCl + Hydroxy Methyl Cellulose + Boric Acid + Menthol + Camphor	S.O. 3369(E) dated 02.08.2024	prohibited	Goa FDA list of 02.08.2024
Naphazoline HCl + Boric Acid+Menthol+Camphor +Methyl Cellul ose + Chlorpheniramine Maleate + Zinc Sulphate + Sodium Chloride	S.O. 3370(E) dated 02.08.2024	prohibited	Goa FDA list of 02.08.2024
Naphazoline HCl + Phenylephrine HCl+ HPMC + Chlorpheniram ine Maleate + Menthol+ Camphor	S.O. 3371(E) dated 02.08.2024	prohibited	Goa FDA list of 02.08.2024
Naphazoline HCl + Hydroxy Propyl Methyl Cellulose + Chlo rpheniramine Maleate + Boric Acid + Sodium Chloride + Zinc Sulphate + Menthol + Camph or	S.O. 3372(E) dated 02.08.2024	prohibited	Goa FDA list of 02.08.2024
Naphazoline HCl + Hydroxy Propyl Methyl Cellulose + Chlo rpheniramine Maleate + Boric Acid +Zinc Sulphate	S.O. 3373(E) dated 02.08.2024	prohibited	Goa FDA list of 02.08.2024
Naphazoline HCl + Azelastine HCl+ Sodium Carboxy Methyl Ce llulose + Menthol + Camphor + Stabilized Oxychlorocomplex	S.O. 3374(E) dated 02.08.2024	prohibited	Goa FDA list of 02.08.2024
Naphazoline HCl + Sodium Carboxy Methyl Cellulose + Menth ol + Camphor + Stabilized Oxychloro complex	S.O. 3375(E) dated 02.08.2024	prohibited	Goa FDA list of 02.08.2024
Naphazoline Nitrate + Chlorpheniramine Maleate + Phenylephrine H Cl + Hydroxy Methyl Cellulose + Boric Acid+ Menthol+ Camphor	S.O. 3376(E) dated 02.08.2024	prohibited	Goa FDA list of 02.08.2024
Naphazoline Nitrate + Chlorpheniramine Maleate + Zinc Sulphate + Boric Acid + Sodium Chloride	S.O. 3377(E) dated 02.08.2024	prohibited	Goa FDA list of 02.08.2024
Norfloxacin + Tinidazole (with Betacyclodextrin) Eye ointment	S.O. 3378(E) dated 02.08.2024	prohibited	Goa FDA list of 02.08.2024
Ofloxacin + Beclomethasone Dipropionate + Lignocaine HCl	S.O. 3379(E) dated 02.08.2024	prohibited	Goa FDA list of 02.08.2024
Naphazoline HCl + Chlorpheniramine Maleate + Phenylephrine HCl + Menthol + Camphor	S.O. 3380(E) dated 02.08.2024	prohibited	Goa FDA list of 02.08.2024
Phenylephrine HCl + Naphazoline HCl +Menthol+ Camphor + Hy droxy Propyl Methyl Cellulose	S.O. 3381(E) dated 02.08.2024	prohibited	Goa FDA list of 02.08.2024
Phenylephrine HCl + Naphazoline HCl + Menthol + Camphor	S.O. 3382(E) dated 02.08.2024	prohibited	Goa FDA list of 02.08.2024
Sulphacetamide Sodium + Zinc Sulphate + Chlorpheniramine Maleat e + Boric acid + Sodium Chloride	S.O. 3383(E) dated 02.08.2024	prohibited	Goa FDA list of 02.08.2024
Zinc Sulphate + Boric acid + Naphazoline HCl + Sodium Chlor ide + Phenyl Ethyl Alcohol	S.O. 3384(E) dated 02.08.2024	prohibited	Goa FDA list of 02.08.2024
Cetirizine HCl + Paracetamol + Phenylephrine HCl	S.O. 3385(E) dated 02.08.2024	prohibited	Goa FDA list of 02.08.2024
Cetirizine HCl + Phenylephrine HCl	S.O. 3386(E) dated 02.08.2024	prohibited	Goa FDA list of 02.08.2024
Levocetirizine + Phenylephrine HCl	S.O. 3387(E) dated 02.08.2024	prohibited	Goa FDA list of 02.08.2024
Levocetirizine + Phenylephrine HCl + Paracetamol	S.O. 3388(E) dated 02.08.2024	prohibited	Goa FDA list of 02.08.2024
Phenylephrine HCl + Paracetamol + Levocetirizine HCl + Mentho l	S.O. 3389(E) dated 02.08.2024	prohibited	Goa FDA list of 02.08.2024
Levocetirizine HCl + Ambroxol HCl + Paracetamol	S.O. 3390(E) dated 02.08.2024	prohibited	Goa FDA list of 02.08.2024
Levocetirizine HCl + Ambroxol HCl + Phenylephrine HCl	S.O. 3391(E) dated 02.08.2024	prohibited	Goa FDA list of 02.08.2024
Diethylcarbamazine Citrate + Chlorpheniramine maleate	S.O. 3392(E) dated 02.08.2024	prohibited	Goa FDA list of 02.08.2024
Diethylcarbamazine Citrate + Levocetirizine HCl	S.O. 3393(E) dated 02.08.2024	prohibited	Goa FDA list of 02.08.2024
Ambroxol HCl + Phenylephrine HCl + Guaiphenesin	S.O. 3394(E) dated 02.08.2024	prohibited	Goa FDA list of 02.08.2024
Bromhexine HCl + Phenylephrine HCl	S.O. 3395(E) dated 02.08.2024	prohibited	Goa FDA list of 02.08.2024
Etofylline + Theophylline anhydrous eq. to Theophylline hydrat e + Ambroxol HCl	S.O. 3396(E) dated 02.08.2024	prohibited	Goa FDA list of 02.08.2024
Etofylline + Theophylline anhydrous eq. to Theophylline hydrat e+ Montelukast	S.O. 3397(E) dated 02.08.2024	prohibited	Goa FDA list of 02.08.2024
Ambroxol HCl + Terbutaline Sulphate + Ammonium Chloride + Guaiphenesin + Menthol	S.O. 3398(E) dated 02.08.2024	prohibited	Goa FDA list of 02.08.2024
Ambroxol HCl + Salbutamol Sulphate + Ammonium Chloride + Guaiphenesin + Menthol	S.O. 3399(E) dated 02.08.2024	prohibited	Goa FDA list of 02.08.2024
Cetirizine HCl + Terbutaline Sulphate + Ambroxol HCl + Guai phenesin	S.O. 3400(E) dated 02.08.2024	prohibited	Goa FDA list of 02.08.2024
Dextromethorphan Hydrobromide + Chlorpheniramine Maleate + Ammonium Chloride + Sodium Citrate + Menthol	S.O. 3401(E) dated 02.08.2024	prohibited	Goa FDA list of 02.08.2024
Salbutamol Sulphate + Bromhexine HCl + Guaiphenesin + Am monium Chloride + Menthol	S.O. 3402(E) dated 02.08.2024	prohibited	Goa FDA list of 02.08.2024
Terbutaline Sulphate + Bromhexine HCl + Chlorpheniramine Maleat e	S.O. 3403(E) dated 02.08.2024	prohibited	Goa FDA list of 02.08.2024
Chlorpheniramine Maleate + P.G Sulphonate + Ammonium Chlorid e + Sodium Citrate + Menthol	S.O. 3404(E) dated 02.08.2024	prohibited	Goa FDA list of 02.08.2024
Aminophylline + Ammonium Chloride + Sodium Citrate	S.O. 3405(E) dated 02.08.2024	prohibited	Goa FDA list of 02.08.2024
Paracetamol + Chlorpheniramine Maleate + Phenyl Propanolamine	S.O. 3406(E) dated 02.08.2024	prohibited	Goa FDA list of 02.08.2024
Trithioparamethoxyphenyl Propene + Chlorpheniramine Maleate	S.O. 3407(E) dated 02.08.2024	prohibited	Goa FDA list of 02.08.2024
Aceclofenac 50 mg + Paracetamol 125 mg oral liquid	S.O. 3408(E) dated 02.08.2024	prohibited	Goa FDA list of 02.08.2024
Aceclofenac 50mg + Paracetamol 125 mg tablet	S.O. 3409(E) dated 02.08.2024	prohibited	Goa FDA list of 02.08.2024
Adenosine triphosphate diphosphate + Magnesium Orotate	S.O. 3410(E) dated 02.08.2024	prohibited	Goa FDA list of 02.08.2024
Amoxicillin Trihydrate + Dicloxacillin Sodium + Lactobacillus	S.O. 3411(E) dated 02.08.2024	prohibited	Goa FDA list of 02.08.2024
Camylofin Dihydrochloride 25 mg + Paracetamol 300mg	S.O. 3412(E) dated 02.08.2024	prohibited	Goa FDA list of 02.08.2024
Cefixime+ Acetyl Cysteine	S.O. 3413(E) dated 02.08.2024	prohibited	Goa FDA list of 02.08.2024
Cephalexin Monohydrate + Serratiopeptidase	S.O. 3414(E) dated 02.08.2024	prohibited	Goa FDA list of 02.08.2024
Cetyl Myristoleate + glucosamine Sulphate Potassium +Methyl Su lfonyl methane	S.O. 3415(E) dated 02.08.2024	prohibited	Goa FDA list of 02.08.2024
Diacerin IP + Glucosamine Sulphate Potassium Chloride USP + MSM (Methylsulphonyl Methane) + Cetyl Myristoleate	S.O. 3416(E) dated 02.08.2024	prohibited	Goa FDA list of 02.08.2024
Paracetamol+ Diclofenac Potassium + Caffeine Anhydrous	S.O. 3417(E) dated 02.08.2024	prohibited	Goa FDA list of 02.08.2024
Diclofenac sodium + Thiocolchicoside Injection	S.O. 3418(E) dated 02.08.2024	prohibited	Goa FDA list of 02.08.2024
Doxycycline + Ornidazole + Bromelain + Lactobacillus Rhamnosus + Lactobacillus Reuteri RC	S.O. 3419(E) dated 02.08.2024	prohibited	Goa FDA list of 02.08.2024
Doxycycline HCl + Betacyclodextrin + Serratiopeptidase	S.O. 3420(E) dated 02.08.2024	prohibited	Goa FDA list of 02.08.2024
Erythromycin stearate eq.to Erythromycin + Lactic acid Bacillus	S.O. 3421(E) dated 02.08.2024	prohibited	Goa FDA list of 02.08.2024
Etodolac + Paracetamol +Serratiopeptidase	S.O. 3422(E) dated 02.08.2024	prohibited	Goa FDA list of 02.08.2024
Flupirtine Maleate 400 mg + Paracetamol 325 mg tablet	S.O. 3423(E) dated 02.08.2024	prohibited	Goa FDA list of 02.08.2024
Glucosamine sulphate potassium chloride 410 mg + Chondr oitin Sulphate 100 mg	S.O. 3424(E) dated 02.08.2024	prohibited	Goa FDA list of 02.08.2024
Glucosamine sulphate potassium chloride+ Methyl Sulphony l Methane (MSM) + Sodium Borate + Copper Sulphate pentahydrate+ Manganese Sulphate + Vit amin D3	S.O. 3425(E) dated 02.08.2024	prohibited	Goa FDA list of 02.08.2024
Glucosamine Sulphate + Sodium chloride+ Manganese +Boron + Zinc + Copper	S.O. 3426(E) dated 02.08.2024	prohibited	Goa FDA list of 02.08.2024
Glucosamine sulphate + Chondroitin sulphate + Methylsulfon ylmethane +Vitamin D3 + Vitamin E + Vitamin C + Selenium +Elemental Zinc +Elemental Manganese + Elemental Chromium + Elemental Copper +Elemental Boron	S.O. 3427(E) dated 02.08.2024	prohibited	Goa FDA list of 02.08.2024
Glucosamine sulphate + Methyl sufonyl methane + manganese sulphate +Vit E acetate +calcium Carbonate	S.O. 3428(E) dated 02.08.2024	prohibited	Goa FDA list of 02.08.2024
Glucosamine Sulphate + Vitamin E acetate + Calcium Pantothenate + Vitamin D3	S.O. 3429(E) dated 02.08.2024	prohibited	Goa FDA list of 02.08.2024
Glucosamine Sulphate Potassium chloride + Calcium Carbonate from an organic source (oyster shell) eq. t	S.O. 3430(E) dated 02.08.2024	prohibited	Goa FDA list of 02.08.2024
Cetyl Myristoleate + Glucosamine Sulphate Potassium chloride + Methyl sulfonyl methane	S.O. 3431(E) dated 02.08.2024	prohibited	Goa FDA list of 02.08.2024
Glucosamine Sulphate Potassium chloride + Methyl sulfonyl methane +Calcium carbonate +Vitamin E+ Manganese	S.O. 3432(E) dated 02.08.2024	prohibited	Goa FDA list of 02.08.2024
Glucosamine Sulphate Potassium chloride + Calcium carbonate + Methyl sulfonyl methane +Vit D3	S.O. 3433(E) dated 02.08.2024	prohibited	Goa FDA list of 02.08.2024
Glucosamine Sulphate Potassium + Methyl sulphate Sodium+ Sulphonyl Methane +Chondroitin Sulphate Sodium+ Calcium Carbonate +Vitamin D3+So dium Borate+ Cupric Oxide+ Colloidal Silicon Dioxide+ Manganese Chloride	S.O. 3434(E) dated 02.08.2024	prohibited	Goa FDA list of 02.08.2024
Methocarbamol + Diclofenac Sodium Injection	S.O. 3435(E) dated 02.08.2024	prohibited	Goa FDA list of 02.08.2024
Paracetamol + Pentazocin	S.O. 3436(E) dated 02.08.2024	prohibited	Goa FDA list of 02.08.2024
Sucralfate +Domperidone+ Simethicone	S.O. 3437(E) dated 02.08.2024	prohibited	Goa FDA list of 02.08.2024
Sulfaquinoxaline +Diaveridine HCl+ Vitamin K	S.O. 3438(E) dated 02.08.2024	prohibited	Goa FDA list of 02.08.2024
Tramadol HCl +Dicyclomine HCl + Domperidone	S.O. 3439(E) dated 02.08.2024	prohibited	Goa FDA list of 02.08.2024
Tramadol HCl +Paracetamol +Caffeine +Taurine	S.O. 3440(E) dated 02.08.2024	prohibited	Goa FDA list of 02.08.2024
Acetyl Salicylic acid + Ethoheptazine	Notifications of 20.06.2026, e-Gazette 273649	prohibited	PIB release 2275595
Aloe Extract + Allantoin + Alphatocopherol Acetate + D-Penthenol + Vitamin A	Notifications of 20.06.2026, e-Gazette 273649	prohibited	PIB release 2275595
Aloe Extract + Vitamin E + Dimethicone + Glycerine	Notifications of 20.06.2026, e-Gazette 273649	prohibited	PIB release 2275595
Aloe Vera + Jojoba Oil + Vitamin E	Notifications of 20.06.2026, e-Gazette 273649	prohibited	PIB release 2275595
Aloe vera + Orange oil	Notifications of 20.06.2026, e-Gazette 273649	prohibited	PIB release 2275595
Aloe vera + Jojoba oil + Wheat germ oil + Tea tree oil	Notifications of 20.06.2026, e-Gazette 273649	prohibited	PIB release 2275595
Aloe vera + Vitamin E + Herbal	Notifications of 20.06.2026, e-Gazette 273649	prohibited	PIB release 2275595
Dicyclomine + Paracetamol + Clidinium Bromide	Notifications of 20.06.2026, e-Gazette 273649	prohibited	PIB release 2275595
Dicyclomine + Paracetamol + Clidinium Bromide + Chlordiazepoxide	Notifications of 20.06.2026, e-Gazette 273649	prohibited	PIB release 2275595
Gliclazide + Chromium Picolinate	Notifications of 20.06.2026, e-Gazette 273649	prohibited	PIB release 2275595
Paracetamol + Lignocaine	Notifications of 20.06.2026, e-Gazette 273649	prohibited	PIB release 2275595
Amoxicillin + Serratiopeptidase + Lactobacillus Sporogenes	Notifications of 20.06.2026, e-Gazette 273649	prohibited	PIB release 2275595
Amoxicillin + Cloxacillin + Lactic acid bacillus + Serratiopeptidase	Notifications of 20.06.2026, e-Gazette 273649	prohibited	PIB release 2275595
Amoxicillin + Serratiopeptidase	Notifications of 20.06.2026, e-Gazette 273649	prohibited	PIB release 2275595
Cefadroxyl + Probenecid	Notifications of 20.06.2026, e-Gazette 273649	prohibited	PIB release 2275595
Cefuroxime + Serratiopeptidase	Notifications of 20.06.2026, e-Gazette 273649	prohibited	PIB release 2275595
